"Problem","Planner","Run","Success?","Plan Length","Nodes Visited","Nodes Generated","Time (ms)"
"fantasy_any","BFS",1,true,2,4,91,2
"fantasy_any","BFS",2,true,2,4,91,1
"fantasy_any","BFS",3,true,2,4,91,3
"fantasy_any","BFS",4,true,2,4,91,1
"fantasy_any","BFS",5,true,2,4,91,1
"fantasy_any","BFS",6,true,2,4,91,1
"fantasy_any","BFS",7,true,2,4,91,2
"fantasy_any","BFS",8,true,2,4,91,1
"fantasy_any","BFS",9,true,2,4,91,1
"fantasy_any","BFS",10,true,2,4,91,5
"fantasy_any","BFS prune",1,true,2,4,90,4
"fantasy_any","BFS prune",2,true,2,4,90,3
"fantasy_any","BFS prune",3,true,2,4,90,3
"fantasy_any","BFS prune",4,true,2,4,90,4
"fantasy_any","BFS prune",5,true,2,4,90,4
"fantasy_any","BFS prune",6,true,2,4,90,4
"fantasy_any","BFS prune",7,true,2,4,90,4
"fantasy_any","BFS prune",8,true,2,4,90,3
"fantasy_any","BFS prune",9,true,2,4,90,4
"fantasy_any","BFS prune",10,true,2,4,90,3
"fantasy_any","A* h+",1,true,3,20,381,24
"fantasy_any","A* h+",2,true,3,20,381,23
"fantasy_any","A* h+",3,true,3,20,381,25
"fantasy_any","A* h+",4,true,3,20,381,21
"fantasy_any","A* h+",5,true,3,20,381,25
"fantasy_any","A* h+",6,true,3,20,381,18
"fantasy_any","A* h+",7,true,3,20,381,21
"fantasy_any","A* h+",8,true,3,20,381,26
"fantasy_any","A* h+",9,true,3,20,381,23
"fantasy_any","A* h+",10,true,3,20,381,24
"fantasy_any","A* h_max",1,true,2,2,55,2
"fantasy_any","A* h_max",2,true,2,2,55,4
"fantasy_any","A* h_max",3,true,2,2,55,4
"fantasy_any","A* h_max",4,true,2,2,55,4
"fantasy_any","A* h_max",5,true,2,2,55,4
"fantasy_any","A* h_max",6,true,2,2,55,2
"fantasy_any","A* h_max",7,true,2,2,55,3
"fantasy_any","A* h_max",8,true,2,2,55,3
"fantasy_any","A* h_max",9,true,2,2,55,3
"fantasy_any","A* h_max",10,true,2,2,55,3
"fantasy_any","A* rp",1,true,2,4,91,6
"fantasy_any","A* rp",2,true,2,4,91,5
"fantasy_any","A* rp",3,true,2,4,91,8
"fantasy_any","A* rp",4,true,2,4,91,7
"fantasy_any","A* rp",5,true,2,4,91,20
"fantasy_any","A* rp",6,true,2,4,91,6
"fantasy_any","A* rp",7,true,2,4,91,10
"fantasy_any","A* rp",8,true,2,4,91,5
"fantasy_any","A* rp",9,true,2,4,91,9
"fantasy_any","A* rp",10,true,2,4,91,5
"fantasy_any","A* h+ + pruning ",1,true,3,20,430,32
"fantasy_any","A* h+ + pruning ",2,true,3,20,430,34
"fantasy_any","A* h+ + pruning ",3,true,3,20,430,27
"fantasy_any","A* h+ + pruning ",4,true,3,20,430,30
"fantasy_any","A* h+ + pruning ",5,true,3,20,430,26
"fantasy_any","A* h+ + pruning ",6,true,3,20,430,35
"fantasy_any","A* h+ + pruning ",7,true,3,20,430,28
"fantasy_any","A* h+ + pruning ",8,true,3,20,430,25
"fantasy_any","A* h+ + pruning ",9,true,3,20,430,25
"fantasy_any","A* h+ + pruning ",10,true,3,20,430,29
"fantasy_any","A* h_max + pruning ",1,true,2,2,54,3
"fantasy_any","A* h_max + pruning ",2,true,2,2,54,4
"fantasy_any","A* h_max + pruning ",3,true,2,2,54,4
"fantasy_any","A* h_max + pruning ",4,true,2,2,54,4
"fantasy_any","A* h_max + pruning ",5,true,2,2,54,3
"fantasy_any","A* h_max + pruning ",6,true,2,2,54,5
"fantasy_any","A* h_max + pruning ",7,true,2,2,54,4
"fantasy_any","A* h_max + pruning ",8,true,2,2,54,4
"fantasy_any","A* h_max + pruning ",9,true,2,2,54,4
"fantasy_any","A* h_max + pruning ",10,true,2,2,54,5
"fantasy_any","A* rp + pruning ",1,true,2,4,90,7
"fantasy_any","A* rp + pruning ",2,true,2,4,90,7
"fantasy_any","A* rp + pruning ",3,true,2,4,90,8
"fantasy_any","A* rp + pruning ",4,true,2,4,90,6
"fantasy_any","A* rp + pruning ",5,true,2,4,90,8
"fantasy_any","A* rp + pruning ",6,true,2,4,90,7
"fantasy_any","A* rp + pruning ",7,true,2,4,90,8
"fantasy_any","A* rp + pruning ",8,true,2,4,90,8
"fantasy_any","A* rp + pruning ",9,true,2,4,90,8
"fantasy_any","A* rp + pruning ",10,true,2,4,90,7
"fantasy_any","EFS h+",1,true,3,284,1967,93
"fantasy_any","EFS h+",2,true,3,284,1967,119
"fantasy_any","EFS h+",3,true,3,284,1967,99
"fantasy_any","EFS h+",4,true,3,284,1967,109
"fantasy_any","EFS h+",5,true,3,285,1965,100
"fantasy_any","EFS h+",6,true,3,284,1967,118
"fantasy_any","EFS h+",7,true,3,284,1967,83
"fantasy_any","EFS h+",8,true,3,284,1967,77
"fantasy_any","EFS h+",9,true,3,284,1967,-392
"fantasy_any","EFS h+",10,true,3,284,1967,99
"fantasy_any","EFS h_max",1,true,2,20,291,16
"fantasy_any","EFS h_max",2,true,2,20,291,14
"fantasy_any","EFS h_max",3,true,2,20,291,13
"fantasy_any","EFS h_max",4,true,2,20,291,13
"fantasy_any","EFS h_max",5,true,2,20,291,192551
"fantasy_any","EFS h_max",6,true,2,20,291,12
"fantasy_any","EFS h_max",7,true,2,20,291,19
"fantasy_any","EFS h_max",8,true,2,20,291,13
"fantasy_any","EFS h_max",9,true,2,20,291,16
"fantasy_any","EFS h_max",10,true,2,20,291,17
"fantasy_any","EFS rp",1,true,2,180,1361,73
"fantasy_any","EFS rp",2,true,2,180,1361,92
"fantasy_any","EFS rp",3,true,2,180,1361,81
"fantasy_any","EFS rp",4,true,2,180,1361,76
"fantasy_any","EFS rp",5,true,2,180,1361,71
"fantasy_any","EFS rp",6,true,2,180,1361,78
"fantasy_any","EFS rp",7,true,2,180,1361,91
"fantasy_any","EFS rp",8,true,2,180,1361,76
"fantasy_any","EFS rp",9,true,2,180,1361,97
"fantasy_any","EFS rp",10,true,2,180,1361,76
"fantasy_any","EFS h+ + pruning ",1,true,3,200,2234,158
"fantasy_any","EFS h+ + pruning ",2,true,3,200,2234,150
"fantasy_any","EFS h+ + pruning ",3,true,3,200,2234,174
"fantasy_any","EFS h+ + pruning ",4,true,3,200,2234,162
"fantasy_any","EFS h+ + pruning ",5,true,3,201,2232,162
"fantasy_any","EFS h+ + pruning ",6,true,3,200,2234,143
"fantasy_any","EFS h+ + pruning ",7,true,3,200,2234,132
"fantasy_any","EFS h+ + pruning ",8,true,3,200,2234,146
"fantasy_any","EFS h+ + pruning ",9,true,3,200,2234,195
"fantasy_any","EFS h+ + pruning ",10,true,3,200,2234,211
"fantasy_any","EFS h_max + pruning ",1,true,2,18,351,34
"fantasy_any","EFS h_max + pruning ",2,true,2,18,351,25
"fantasy_any","EFS h_max + pruning ",3,true,2,18,351,43
"fantasy_any","EFS h_max + pruning ",4,true,2,18,351,18
"fantasy_any","EFS h_max + pruning ",5,true,2,18,351,24
"fantasy_any","EFS h_max + pruning ",6,true,2,18,351,26
"fantasy_any","EFS h_max + pruning ",7,true,2,18,351,19
"fantasy_any","EFS h_max + pruning ",8,true,2,18,351,19
"fantasy_any","EFS h_max + pruning ",9,true,2,18,351,23
"fantasy_any","EFS h_max + pruning ",10,true,2,18,351,23
"fantasy_any","EFS rp + pruning ",1,true,2,128,1515,97
"fantasy_any","EFS rp + pruning ",2,true,2,128,1515,128
"fantasy_any","EFS rp + pruning ",3,true,2,128,1515,115
"fantasy_any","EFS rp + pruning ",4,true,2,128,1515,99
"fantasy_any","EFS rp + pruning ",5,true,2,128,1515,102
"fantasy_any","EFS rp + pruning ",6,true,2,128,1515,110
"fantasy_any","EFS rp + pruning ",7,true,2,128,1515,105
"fantasy_any","EFS rp + pruning ",8,true,2,128,1515,100
"fantasy_any","EFS rp + pruning ",9,true,2,128,1515,104
"fantasy_any","EFS rp + pruning ",10,true,2,128,1515,87
"fantasy_any","GFS h+",1,true,3,7,115,8
"fantasy_any","GFS h+",2,true,3,7,115,8
"fantasy_any","GFS h+",3,true,3,7,115,13
"fantasy_any","GFS h+",4,true,3,7,115,8
"fantasy_any","GFS h+",5,true,3,7,115,8
"fantasy_any","GFS h+",6,true,3,7,115,7
"fantasy_any","GFS h+",7,true,3,7,115,8
"fantasy_any","GFS h+",8,true,3,7,115,6
"fantasy_any","GFS h+",9,true,3,7,115,6
"fantasy_any","GFS h+",10,true,3,7,115,6
"fantasy_any","GFS h_max",1,true,2,3,43,3
"fantasy_any","GFS h_max",2,true,2,3,43,3
"fantasy_any","GFS h_max",3,true,2,3,43,2
"fantasy_any","GFS h_max",4,true,2,3,43,3
"fantasy_any","GFS h_max",5,true,2,3,43,3
"fantasy_any","GFS h_max",6,true,2,3,43,3
"fantasy_any","GFS h_max",7,true,2,3,43,3
"fantasy_any","GFS h_max",8,true,2,3,43,3
"fantasy_any","GFS h_max",9,true,2,3,43,3
"fantasy_any","GFS h_max",10,true,2,3,43,3
"fantasy_any","GFS rp",1,true,2,5,71,7
"fantasy_any","GFS rp",2,true,2,5,71,4
"fantasy_any","GFS rp",3,true,2,5,71,9
"fantasy_any","GFS rp",4,true,2,5,71,7
"fantasy_any","GFS rp",5,true,2,5,71,5
"fantasy_any","GFS rp",6,true,2,5,71,5
"fantasy_any","GFS rp",7,true,2,5,71,5
"fantasy_any","GFS rp",8,true,2,5,71,9
"fantasy_any","GFS rp",9,true,2,5,71,6
"fantasy_any","GFS rp",10,true,2,5,71,4
"fantasy_any","GFS h+ + pruning ",1,true,3,7,139,11
"fantasy_any","GFS h+ + pruning ",2,true,3,7,139,10
"fantasy_any","GFS h+ + pruning ",3,true,3,7,139,11
"fantasy_any","GFS h+ + pruning ",4,true,3,7,139,11
"fantasy_any","GFS h+ + pruning ",5,true,3,7,139,10
"fantasy_any","GFS h+ + pruning ",6,true,3,7,139,12
"fantasy_any","GFS h+ + pruning ",7,true,3,7,139,12
"fantasy_any","GFS h+ + pruning ",8,true,3,7,139,11
"fantasy_any","GFS h+ + pruning ",9,true,3,7,139,9
"fantasy_any","GFS h+ + pruning ",10,true,3,7,139,11
"fantasy_any","GFS h_max + pruning ",1,true,2,3,43,5
"fantasy_any","GFS h_max + pruning ",2,true,2,3,43,6
"fantasy_any","GFS h_max + pruning ",3,true,2,3,43,5
"fantasy_any","GFS h_max + pruning ",4,true,2,3,43,14
"fantasy_any","GFS h_max + pruning ",5,true,2,3,43,6
"fantasy_any","GFS h_max + pruning ",6,true,2,3,43,5
"fantasy_any","GFS h_max + pruning ",7,true,2,3,43,5
"fantasy_any","GFS h_max + pruning ",8,true,2,3,43,5
"fantasy_any","GFS h_max + pruning ",9,true,2,3,43,5
"fantasy_any","GFS h_max + pruning ",10,true,2,3,43,4
"fantasy_any","GFS rp + pruning ",1,true,2,5,71,8
"fantasy_any","GFS rp + pruning ",2,true,2,5,71,8
"fantasy_any","GFS rp + pruning ",3,true,2,5,71,9
"fantasy_any","GFS rp + pruning ",4,true,2,5,71,7
"fantasy_any","GFS rp + pruning ",5,true,2,5,71,8
"fantasy_any","GFS rp + pruning ",6,true,2,5,71,7
"fantasy_any","GFS rp + pruning ",7,true,2,5,71,8
"fantasy_any","GFS rp + pruning ",8,true,2,5,71,7
"fantasy_any","GFS rp + pruning ",9,true,2,5,71,8
"fantasy_any","GFS rp + pruning ",10,true,2,5,71,8
"space_any","BFS",1,true,2,4,34,1
"space_any","BFS",2,true,2,4,34,1
"space_any","BFS",3,true,2,4,34,1
"space_any","BFS",4,true,2,4,34,1
"space_any","BFS",5,true,2,4,34,1
"space_any","BFS",6,true,2,4,34,1
"space_any","BFS",7,true,2,4,34,2
"space_any","BFS",8,true,2,4,34,1
"space_any","BFS",9,true,2,4,34,0
"space_any","BFS",10,true,2,4,34,1
"space_any","BFS prune",1,true,2,4,33,1
"space_any","BFS prune",2,true,2,4,33,1
"space_any","BFS prune",3,true,2,4,33,1
"space_any","BFS prune",4,true,2,4,33,2
"space_any","BFS prune",5,true,2,4,33,1
"space_any","BFS prune",6,true,2,4,33,1
"space_any","BFS prune",7,true,2,4,33,2
"space_any","BFS prune",8,true,2,4,33,1
"space_any","BFS prune",9,true,2,4,33,1
"space_any","BFS prune",10,true,2,4,33,2
"space_any","A* h+",1,true,2,2,16,1
"space_any","A* h+",2,true,2,2,16,1
"space_any","A* h+",3,true,2,2,16,1
"space_any","A* h+",4,true,2,2,16,1
"space_any","A* h+",5,true,2,2,16,1
"space_any","A* h+",6,true,2,2,16,1
"space_any","A* h+",7,true,2,2,16,2
"space_any","A* h+",8,true,2,2,16,1
"space_any","A* h+",9,true,2,2,16,2
"space_any","A* h+",10,true,2,2,16,1
"space_any","A* h_max",1,true,2,2,16,2
"space_any","A* h_max",2,true,2,2,16,1
"space_any","A* h_max",3,true,2,2,16,1
"space_any","A* h_max",4,true,2,2,16,1
"space_any","A* h_max",5,true,2,2,16,1
"space_any","A* h_max",6,true,2,2,16,1
"space_any","A* h_max",7,true,2,2,16,1
"space_any","A* h_max",8,true,2,2,16,1
"space_any","A* h_max",9,true,2,2,16,1
"space_any","A* h_max",10,true,2,2,16,1
"space_any","A* rp",1,true,2,26,329,10
"space_any","A* rp",2,true,3,13,82,4
"space_any","A* rp",3,true,2,26,329,9
"space_any","A* rp",4,true,2,26,329,10
"space_any","A* rp",5,true,2,24,299,9
"space_any","A* rp",6,true,3,13,82,5
"space_any","A* rp",7,true,3,13,82,4
"space_any","A* rp",8,true,2,24,299,8
"space_any","A* rp",9,true,2,24,299,11
"space_any","A* rp",10,true,2,26,329,11
"space_any","A* h+ + pruning ",1,true,2,2,16,0
"space_any","A* h+ + pruning ",2,true,2,2,16,1
"space_any","A* h+ + pruning ",3,true,2,2,16,1
"space_any","A* h+ + pruning ",4,true,2,2,16,1
"space_any","A* h+ + pruning ",5,true,2,2,16,1
"space_any","A* h+ + pruning ",6,true,2,2,16,1
"space_any","A* h+ + pruning ",7,true,2,2,16,1
"space_any","A* h+ + pruning ",8,true,2,2,16,2
"space_any","A* h+ + pruning ",9,true,2,2,16,1
"space_any","A* h+ + pruning ",10,true,2,2,16,1
"space_any","A* h_max + pruning ",1,true,2,2,16,1
"space_any","A* h_max + pruning ",2,true,2,2,16,1
"space_any","A* h_max + pruning ",3,true,2,2,16,1
"space_any","A* h_max + pruning ",4,true,2,2,16,1
"space_any","A* h_max + pruning ",5,true,2,2,16,1
"space_any","A* h_max + pruning ",6,true,2,2,16,1
"space_any","A* h_max + pruning ",7,true,2,2,16,1
"space_any","A* h_max + pruning ",8,true,2,2,16,1
"space_any","A* h_max + pruning ",9,true,2,2,16,1
"space_any","A* h_max + pruning ",10,true,2,2,16,1
"space_any","A* rp + pruning ",1,true,2,22,337,12
"space_any","A* rp + pruning ",2,true,3,11,81,6
"space_any","A* rp + pruning ",3,true,2,22,337,15
"space_any","A* rp + pruning ",4,true,2,22,337,14
"space_any","A* rp + pruning ",5,true,2,20,307,13
"space_any","A* rp + pruning ",6,true,3,11,81,5
"space_any","A* rp + pruning ",7,true,3,11,81,6
"space_any","A* rp + pruning ",8,true,2,20,307,20
"space_any","A* rp + pruning ",9,true,2,20,307,34
"space_any","A* rp + pruning ",10,true,2,22,337,15
"space_any","EFS h+",1,true,2,7,47,3
"space_any","EFS h+",2,true,2,7,47,2
"space_any","EFS h+",3,true,2,7,47,2
"space_any","EFS h+",4,true,2,7,47,3
"space_any","EFS h+",5,true,2,7,47,2
"space_any","EFS h+",6,true,2,7,47,2
"space_any","EFS h+",7,true,2,7,47,2
"space_any","EFS h+",8,true,2,7,47,3
"space_any","EFS h+",9,true,2,7,47,2
"space_any","EFS h+",10,true,2,7,47,2
"space_any","EFS h_max",1,true,2,5,42,2
"space_any","EFS h_max",2,true,2,5,42,2
"space_any","EFS h_max",3,true,2,5,42,2
"space_any","EFS h_max",4,true,2,5,42,1
"space_any","EFS h_max",5,true,2,5,42,1
"space_any","EFS h_max",6,true,2,5,42,2
"space_any","EFS h_max",7,true,2,5,42,2
"space_any","EFS h_max",8,true,2,5,42,1
"space_any","EFS h_max",9,true,2,5,42,1
"space_any","EFS h_max",10,true,2,5,42,2
"space_any","EFS rp",1,true,2,7,47,2
"space_any","EFS rp",2,true,3,13,84,4
"space_any","EFS rp",3,true,2,7,47,2
"space_any","EFS rp",4,true,2,7,47,2
"space_any","EFS rp",5,true,2,7,47,2
"space_any","EFS rp",6,true,3,13,84,4
"space_any","EFS rp",7,true,3,13,84,4
"space_any","EFS rp",8,true,2,7,47,2
"space_any","EFS rp",9,true,2,7,47,2
"space_any","EFS rp",10,true,2,7,47,2
"space_any","EFS h+ + pruning ",1,true,2,5,47,2
"space_any","EFS h+ + pruning ",2,true,2,5,47,2
"space_any","EFS h+ + pruning ",3,true,2,5,47,4
"space_any","EFS h+ + pruning ",4,true,2,5,47,2
"space_any","EFS h+ + pruning ",5,true,2,5,47,2
"space_any","EFS h+ + pruning ",6,true,2,5,47,2
"space_any","EFS h+ + pruning ",7,true,2,5,47,2
"space_any","EFS h+ + pruning ",8,true,2,5,47,2
"space_any","EFS h+ + pruning ",9,true,2,5,47,2
"space_any","EFS h+ + pruning ",10,true,2,5,47,2
"space_any","EFS h_max + pruning ",1,true,2,5,45,2
"space_any","EFS h_max + pruning ",2,true,2,5,45,2
"space_any","EFS h_max + pruning ",3,true,2,5,45,3
"space_any","EFS h_max + pruning ",4,true,2,5,45,2
"space_any","EFS h_max + pruning ",5,true,2,5,45,2
"space_any","EFS h_max + pruning ",6,true,2,5,45,2
"space_any","EFS h_max + pruning ",7,true,2,5,45,2
"space_any","EFS h_max + pruning ",8,true,2,5,45,2
"space_any","EFS h_max + pruning ",9,true,2,5,45,3
"space_any","EFS h_max + pruning ",10,true,2,5,45,1
"space_any","EFS rp + pruning ",1,true,2,5,47,2
"space_any","EFS rp + pruning ",2,true,3,8,79,4
"space_any","EFS rp + pruning ",3,true,2,5,47,2
"space_any","EFS rp + pruning ",4,true,2,5,47,3
"space_any","EFS rp + pruning ",5,true,2,5,47,3
"space_any","EFS rp + pruning ",6,true,3,8,79,5
"space_any","EFS rp + pruning ",7,true,3,8,79,5
"space_any","EFS rp + pruning ",8,true,2,5,47,2
"space_any","EFS rp + pruning ",9,true,2,5,47,2
"space_any","EFS rp + pruning ",10,true,2,5,47,192544
"space_any","GFS h+",1,true,2,2,12,0
"space_any","GFS h+",2,true,2,2,12,1
"space_any","GFS h+",3,true,2,2,12,0
"space_any","GFS h+",4,true,2,2,12,1
"space_any","GFS h+",5,true,2,2,12,1
"space_any","GFS h+",6,true,2,2,12,1
"space_any","GFS h+",7,true,2,2,12,2
"space_any","GFS h+",8,true,2,2,12,1
"space_any","GFS h+",9,true,2,2,12,5
"space_any","GFS h+",10,true,2,2,12,1
"space_any","GFS h_max",1,true,2,2,12,1
"space_any","GFS h_max",2,true,2,2,12,1
"space_any","GFS h_max",3,true,2,2,12,1
"space_any","GFS h_max",4,true,2,2,12,1
"space_any","GFS h_max",5,true,2,2,12,1
"space_any","GFS h_max",6,true,2,2,12,1
"space_any","GFS h_max",7,true,2,2,12,1
"space_any","GFS h_max",8,true,2,2,12,1
"space_any","GFS h_max",9,true,2,2,12,1
"space_any","GFS h_max",10,true,2,2,12,1
"space_any","GFS rp",1,true,2,21,113,4
"space_any","GFS rp",2,true,3,6,54,3
"space_any","GFS rp",3,true,2,21,113,4
"space_any","GFS rp",4,true,2,21,113,5
"space_any","GFS rp",5,true,2,21,113,4
"space_any","GFS rp",6,true,3,6,54,4
"space_any","GFS rp",7,true,3,6,54,2
"space_any","GFS rp",8,true,2,21,113,5
"space_any","GFS rp",9,true,2,21,113,4
"space_any","GFS rp",10,true,2,21,113,4
"space_any","GFS h+ + pruning ",1,true,2,2,12,1
"space_any","GFS h+ + pruning ",2,true,2,2,12,1
"space_any","GFS h+ + pruning ",3,true,2,2,12,2
"space_any","GFS h+ + pruning ",4,true,2,2,12,1
"space_any","GFS h+ + pruning ",5,true,2,2,12,2
"space_any","GFS h+ + pruning ",6,true,2,2,12,1
"space_any","GFS h+ + pruning ",7,true,2,2,12,2
"space_any","GFS h+ + pruning ",8,true,2,2,12,1
"space_any","GFS h+ + pruning ",9,true,2,2,12,1
"space_any","GFS h+ + pruning ",10,true,2,2,12,1
"space_any","GFS h_max + pruning ",1,true,2,2,12,1
"space_any","GFS h_max + pruning ",2,true,2,2,12,0
"space_any","GFS h_max + pruning ",3,true,2,2,12,1
"space_any","GFS h_max + pruning ",4,true,2,2,12,1
"space_any","GFS h_max + pruning ",5,true,2,2,12,1
"space_any","GFS h_max + pruning ",6,true,2,2,12,1
"space_any","GFS h_max + pruning ",7,true,2,2,12,1
"space_any","GFS h_max + pruning ",8,true,2,2,12,1
"space_any","GFS h_max + pruning ",9,true,2,2,12,0
"space_any","GFS h_max + pruning ",10,true,2,2,12,1
"space_any","GFS rp + pruning ",1,true,2,18,123,8
"space_any","GFS rp + pruning ",2,true,3,6,56,5
"space_any","GFS rp + pruning ",3,true,2,18,123,8
"space_any","GFS rp + pruning ",4,true,2,18,123,8
"space_any","GFS rp + pruning ",5,true,2,18,123,8
"space_any","GFS rp + pruning ",6,true,3,6,56,4
"space_any","GFS rp + pruning ",7,true,3,6,56,5
"space_any","GFS rp + pruning ",8,true,2,18,123,9
"space_any","GFS rp + pruning ",9,true,2,18,123,9
"space_any","GFS rp + pruning ",10,true,2,18,123,7
"fantasy_two","BFS",1,true,5,7898,116113,3012
"fantasy_two","BFS",2,true,5,7898,116113,3124
"fantasy_two","BFS",3,true,5,7898,116113,3003
"fantasy_two","BFS",4,true,5,7898,116113,3023
"fantasy_two","BFS",5,true,5,7898,116141,195475
"fantasy_two","BFS",6,true,5,7898,116113,2693
"fantasy_two","BFS",7,true,5,7898,116113,195705
"fantasy_two","BFS",8,true,5,7898,116113,2968
"fantasy_two","BFS",9,true,5,7898,116113,2832
"fantasy_two","BFS",10,true,5,7898,116113,2817
"fantasy_two","BFS prune",1,true,5,1242,19735,2337
"fantasy_two","BFS prune",2,true,5,1242,19735,2472
"fantasy_two","BFS prune",3,true,5,1242,19735,2913
"fantasy_two","BFS prune",4,true,5,1242,19735,2967
"fantasy_two","BFS prune",5,true,5,1242,19734,3032
"fantasy_two","BFS prune",6,true,5,1242,19735,2965
"fantasy_two","BFS prune",7,true,5,1242,19735,2051
"fantasy_two","BFS prune",8,true,5,1242,19735,2095
"fantasy_two","BFS prune",9,true,5,1242,19735,2088
"fantasy_two","BFS prune",10,true,5,1242,19735,2053
"fantasy_two","A* h+",1,true,6,796,13020,965
"fantasy_two","A* h+",2,true,6,796,13020,1044
"fantasy_two","A* h+",3,true,6,796,13020,1019
"fantasy_two","A* h+",4,true,6,796,13020,961
"fantasy_two","A* h+",5,true,6,796,13019,488
"fantasy_two","A* h+",6,true,6,796,13020,483
"fantasy_two","A* h+",7,true,6,796,13020,451
"fantasy_two","A* h+",8,true,6,796,13020,496
"fantasy_two","A* h+",9,true,6,796,13020,1035
"fantasy_two","A* h+",10,true,6,796,13020,983
"fantasy_two","A* h_max",1,true,5,1059,16720,1226
"fantasy_two","A* h_max",2,true,5,1059,16720,1287
"fantasy_two","A* h_max",3,true,5,1059,16720,1326
"fantasy_two","A* h_max",4,true,5,1059,16720,1294
"fantasy_two","A* h_max",5,true,5,1059,16720,1218
"fantasy_two","A* h_max",6,true,5,1059,16720,1242
"fantasy_two","A* h_max",7,true,5,1059,16720,1312
"fantasy_two","A* h_max",8,true,5,1059,16720,1278
"fantasy_two","A* h_max",9,true,5,1059,16720,1270
"fantasy_two","A* h_max",10,true,5,1059,16720,1296
"fantasy_two","A* rp",1,true,5,2532,38209,2955
"fantasy_two","A* rp",2,true,5,2522,38377,2962
"fantasy_two","A* rp",3,true,5,2463,37850,3004
"fantasy_two","A* rp",4,true,5,2521,38346,3176
"fantasy_two","A* rp",5,true,5,2534,38620,3028
"fantasy_two","A* rp",6,true,5,2477,37758,2833
"fantasy_two","A* rp",7,true,5,2517,38291,2883
"fantasy_two","A* rp",8,true,5,2483,37842,2992
"fantasy_two","A* rp",9,true,5,2481,37813,3537
"fantasy_two","A* rp",10,true,5,2520,38348,3569
"fantasy_two","A* h+ + pruning ",1,true,6,453,6929,648
"fantasy_two","A* h+ + pruning ",2,true,6,453,6929,683
"fantasy_two","A* h+ + pruning ",3,true,6,453,6929,664
"fantasy_two","A* h+ + pruning ",4,true,6,453,6929,731
"fantasy_two","A* h+ + pruning ",5,true,6,440,6619,631
"fantasy_two","A* h+ + pruning ",6,true,6,453,6929,738
"fantasy_two","A* h+ + pruning ",7,true,6,453,6929,703
"fantasy_two","A* h+ + pruning ",8,true,6,453,6929,686
"fantasy_two","A* h+ + pruning ",9,true,6,453,6929,722
"fantasy_two","A* h+ + pruning ",10,true,6,453,6929,726
"fantasy_two","A* h_max + pruning ",1,true,5,574,9458,1066
"fantasy_two","A* h_max + pruning ",2,true,5,574,9458,1101
"fantasy_two","A* h_max + pruning ",3,true,5,574,9458,1054
"fantasy_two","A* h_max + pruning ",4,true,5,574,9458,1114
"fantasy_two","A* h_max + pruning ",5,true,5,574,9458,1131
"fantasy_two","A* h_max + pruning ",6,true,5,574,9458,1124
"fantasy_two","A* h_max + pruning ",7,true,5,574,9458,1102
"fantasy_two","A* h_max + pruning ",8,true,5,574,9458,732
"fantasy_two","A* h_max + pruning ",9,true,5,574,9458,642
"fantasy_two","A* h_max + pruning ",10,true,5,574,9458,662
"fantasy_two","A* rp + pruning ",1,true,5,822,14065,1307
"fantasy_two","A* rp + pruning ",2,true,5,806,14054,1357
"fantasy_two","A* rp + pruning ",3,true,5,747,13469,1278
"fantasy_two","A* rp + pruning ",4,true,5,804,13967,1342
"fantasy_two","A* rp + pruning ",5,true,5,816,14296,1867
"fantasy_two","A* rp + pruning ",6,true,5,757,13414,1806
"fantasy_two","A* rp + pruning ",7,true,5,801,13938,1803
"fantasy_two","A* rp + pruning ",8,true,5,760,13443,1744
"fantasy_two","A* rp + pruning ",9,true,5,760,13443,1640
"fantasy_two","A* rp + pruning ",10,true,5,806,14054,1587
"fantasy_two","EFS h+",1,true,6,4156,29749,2175
"fantasy_two","EFS h+",2,true,6,4156,29749,2153
"fantasy_two","EFS h+",3,true,6,4156,29749,1983
"fantasy_two","EFS h+",4,true,6,4156,29749,1961
"fantasy_two","EFS h+",5,true,6,4156,29744,2056
"fantasy_two","EFS h+",6,true,6,4156,29749,2029
"fantasy_two","EFS h+",7,true,6,4156,29749,2008
"fantasy_two","EFS h+",8,true,6,4156,29749,1586
"fantasy_two","EFS h+",9,true,6,4156,29749,1576
"fantasy_two","EFS h+",10,true,6,4156,29749,1632
"fantasy_two","EFS h_max",1,true,5,1970,28230,1408
"fantasy_two","EFS h_max",2,true,5,1970,28230,1467
"fantasy_two","EFS h_max",3,true,5,1970,28230,1452
"fantasy_two","EFS h_max",4,true,5,1970,28230,1409
"fantasy_two","EFS h_max",5,true,5,1970,28230,2108
"fantasy_two","EFS h_max",6,true,5,1970,28230,1953
"fantasy_two","EFS h_max",7,true,5,1970,28230,2067
"fantasy_two","EFS h_max",8,true,5,1970,28230,1950
"fantasy_two","EFS h_max",9,true,5,1970,28230,2167
"fantasy_two","EFS h_max",10,true,5,1970,28230,1945
"fantasy_two","EFS rp",1,true,5,14184,94185,6674
"fantasy_two","EFS rp",2,true,5,14348,95123,6454
"fantasy_two","EFS rp",3,true,5,14351,95168,6718
"fantasy_two","EFS rp",4,true,5,14352,95178,6962
"fantasy_two","EFS rp",5,true,5,14439,95575,6640
"fantasy_two","EFS rp",6,true,5,14345,95087,6844
"fantasy_two","EFS rp",7,true,5,14347,95109,199316
"fantasy_two","EFS rp",8,true,5,14350,95154,6195
"fantasy_two","EFS rp",9,true,5,14349,95142,6850
"fantasy_two","EFS rp",10,true,5,14347,95111,6528
"fantasy_two","EFS h+ + pruning ",1,true,6,1307,16621,818
"fantasy_two","EFS h+ + pruning ",2,true,6,1307,16621,885
"fantasy_two","EFS h+ + pruning ",3,true,6,1307,16621,1032
"fantasy_two","EFS h+ + pruning ",4,true,6,1307,16621,1469
"fantasy_two","EFS h+ + pruning ",5,true,6,1299,16424,1495
"fantasy_two","EFS h+ + pruning ",6,true,6,1307,16621,1374
"fantasy_two","EFS h+ + pruning ",7,true,6,1307,16621,1444
"fantasy_two","EFS h+ + pruning ",8,true,6,1307,16621,1467
"fantasy_two","EFS h+ + pruning ",9,true,6,1307,16621,1507
"fantasy_two","EFS h+ + pruning ",10,true,6,1307,16621,1457
"fantasy_two","EFS h_max + pruning ",1,true,5,842,16195,1500
"fantasy_two","EFS h_max + pruning ",2,true,5,842,16195,1694
"fantasy_two","EFS h_max + pruning ",3,true,5,842,16195,1536
"fantasy_two","EFS h_max + pruning ",4,true,5,842,16195,1503
"fantasy_two","EFS h_max + pruning ",5,true,5,842,16195,1514
"fantasy_two","EFS h_max + pruning ",6,true,5,842,16195,1561
"fantasy_two","EFS h_max + pruning ",7,true,5,842,16195,1543
"fantasy_two","EFS h_max + pruning ",8,true,5,842,16195,1033
"fantasy_two","EFS h_max + pruning ",9,true,5,842,16195,1096
"fantasy_two","EFS h_max + pruning ",10,true,5,842,16195,1162
"fantasy_two","EFS rp + pruning ",1,true,5,3295,39694,3255
"fantasy_two","EFS rp + pruning ",2,true,5,3288,39647,3921
"fantasy_two","EFS rp + pruning ",3,true,5,3291,39676,3907
"fantasy_two","EFS rp + pruning ",4,true,5,3291,39676,3954
"fantasy_two","EFS rp + pruning ",5,true,5,3340,40314,4091
"fantasy_two","EFS rp + pruning ",6,true,5,3288,39647,4011
"fantasy_two","EFS rp + pruning ",7,true,5,3288,39647,3752
"fantasy_two","EFS rp + pruning ",8,true,5,3291,39676,3907
"fantasy_two","EFS rp + pruning ",9,true,5,3291,39676,2968
"fantasy_two","EFS rp + pruning ",10,true,5,3288,39647,3075
"fantasy_two","GFS h+",1,true,6,1313,18745,1000
"fantasy_two","GFS h+",2,true,6,1313,18745,1048
"fantasy_two","GFS h+",3,true,6,1313,18745,1085
"fantasy_two","GFS h+",4,true,6,1313,18745,946
"fantasy_two","GFS h+",5,true,6,1313,18745,959
"fantasy_two","GFS h+",6,true,6,1313,18745,1029
"fantasy_two","GFS h+",7,true,6,1313,18745,1405
"fantasy_two","GFS h+",8,true,6,1313,18745,1448
"fantasy_two","GFS h+",9,true,6,1313,18745,1556
"fantasy_two","GFS h+",10,true,6,1313,18745,1372
"fantasy_two","GFS h_max",1,true,5,892,13030,1063
"fantasy_two","GFS h_max",2,true,5,892,13030,889
"fantasy_two","GFS h_max",3,true,5,892,13030,1035
"fantasy_two","GFS h_max",4,true,5,892,13030,967
"fantasy_two","GFS h_max",5,true,5,892,13030,1111
"fantasy_two","GFS h_max",6,true,5,892,13030,955
"fantasy_two","GFS h_max",7,true,5,892,13030,1079
"fantasy_two","GFS h_max",8,true,5,892,13030,1063
"fantasy_two","GFS h_max",9,true,5,892,13030,1080
"fantasy_two","GFS h_max",10,true,5,892,13030,1035
"fantasy_two","GFS rp",1,true,5,2132,29174,2220
"fantasy_two","GFS rp",2,true,5,2139,29269,2132
"fantasy_two","GFS rp",3,true,5,2141,29288,2207
"fantasy_two","GFS rp",4,true,5,2143,29324,2094
"fantasy_two","GFS rp",5,true,5,2140,29279,2185
"fantasy_two","GFS rp",6,true,5,2137,29233,2182
"fantasy_two","GFS rp",7,true,5,2139,29269,2326
"fantasy_two","GFS rp",8,true,5,2141,29288,2086
"fantasy_two","GFS rp",9,true,5,2141,29288,2923
"fantasy_two","GFS rp",10,true,5,2139,29269,2749
"fantasy_two","GFS h+ + pruning ",1,true,6,262,5033,570
"fantasy_two","GFS h+ + pruning ",2,true,6,262,5033,512
"fantasy_two","GFS h+ + pruning ",3,true,6,262,5033,589
"fantasy_two","GFS h+ + pruning ",4,true,6,262,5033,631
"fantasy_two","GFS h+ + pruning ",5,true,6,262,5033,637
"fantasy_two","GFS h+ + pruning ",6,true,6,262,5033,615
"fantasy_two","GFS h+ + pruning ",7,true,6,262,5033,561
"fantasy_two","GFS h+ + pruning ",8,true,6,262,5033,582
"fantasy_two","GFS h+ + pruning ",9,true,6,262,5033,584
"fantasy_two","GFS h+ + pruning ",10,true,6,262,5033,591
"fantasy_two","GFS h_max + pruning ",1,true,5,464,8075,1030
"fantasy_two","GFS h_max + pruning ",2,true,5,464,8075,1077
"fantasy_two","GFS h_max + pruning ",3,true,5,464,8075,1010
"fantasy_two","GFS h_max + pruning ",4,true,5,464,8075,1027
"fantasy_two","GFS h_max + pruning ",5,true,5,464,8075,1058
"fantasy_two","GFS h_max + pruning ",6,true,5,464,8075,1088
"fantasy_two","GFS h_max + pruning ",7,true,5,464,8075,1088
"fantasy_two","GFS h_max + pruning ",8,true,5,464,8075,1106
"fantasy_two","GFS h_max + pruning ",9,true,5,464,8075,1077
"fantasy_two","GFS h_max + pruning ",10,true,5,464,8075,1070
"fantasy_two","GFS rp + pruning ",1,true,5,558,9726,996
"fantasy_two","GFS rp + pruning ",2,true,5,555,9697,915
"fantasy_two","GFS rp + pruning ",3,true,5,556,9688,991
"fantasy_two","GFS rp + pruning ",4,true,5,558,9726,923
"fantasy_two","GFS rp + pruning ",5,true,5,557,9753,963
"fantasy_two","GFS rp + pruning ",6,true,5,553,9659,-191538
"fantasy_two","GFS rp + pruning ",7,true,5,555,9697,1526
"fantasy_two","GFS rp + pruning ",8,true,5,556,9688,1520
"fantasy_two","GFS rp + pruning ",9,true,5,556,9688,1464
"fantasy_two","GFS rp + pruning ",10,true,5,555,9697,1491
"space_three","BFS",1,true,3,20,214,5
"space_three","BFS",2,true,3,20,214,6
"space_three","BFS",3,true,3,20,214,5
"space_three","BFS",4,true,3,19,213,6
"space_three","BFS",5,true,3,19,213,5
"space_three","BFS",6,true,3,19,213,7
"space_three","BFS",7,true,3,19,213,6
"space_three","BFS",8,true,3,19,213,7
"space_three","BFS",9,true,3,19,213,6
"space_three","BFS",10,true,3,19,213,5
"space_three","BFS prune",1,true,3,16,207,10
"space_three","BFS prune",2,true,3,16,207,11
"space_three","BFS prune",3,true,3,16,207,12
"space_three","BFS prune",4,true,3,16,207,10
"space_three","BFS prune",5,true,3,16,207,10
"space_three","BFS prune",6,true,3,16,207,9
"space_three","BFS prune",7,true,3,16,207,12
"space_three","BFS prune",8,true,3,16,207,11
"space_three","BFS prune",9,true,3,16,207,10
"space_three","BFS prune",10,true,3,16,207,10
"space_three","A* h+",1,true,3,27,282,13
"space_three","A* h+",2,true,3,27,282,14
"space_three","A* h+",3,true,3,27,282,15
"space_three","A* h+",4,true,3,27,282,14
"space_three","A* h+",5,true,3,27,282,12
"space_three","A* h+",6,true,3,27,282,13
"space_three","A* h+",7,true,3,27,282,9
"space_three","A* h+",8,true,3,27,282,14
"space_three","A* h+",9,true,3,27,282,14
"space_three","A* h+",10,true,3,27,282,13
"space_three","A* h_max",1,true,3,27,281,11
"space_three","A* h_max",2,true,3,27,281,10
"space_three","A* h_max",3,true,3,27,281,14
"space_three","A* h_max",4,true,3,27,281,11
"space_three","A* h_max",5,true,3,27,281,14
"space_three","A* h_max",6,true,3,27,281,11
"space_three","A* h_max",7,true,3,27,281,12
"space_three","A* h_max",8,true,3,27,281,11
"space_three","A* h_max",9,true,3,27,281,11
"space_three","A* h_max",10,true,3,27,281,14
"space_three","A* rp",1,true,3,112,1765,50
"space_three","A* rp",2,true,3,13,82,4
"space_three","A* rp",3,true,3,112,1765,52
"space_three","A* rp",4,true,3,112,1765,42
"space_three","A* rp",5,true,3,105,1646,44
"space_three","A* rp",6,true,3,13,82,4
"space_three","A* rp",7,true,3,13,82,5
"space_three","A* rp",8,true,3,105,1646,52
"space_three","A* rp",9,true,3,105,1646,46
"space_three","A* rp",10,true,3,112,1765,50
"space_three","A* h+ + pruning ",1,true,3,27,295,20
"space_three","A* h+ + pruning ",2,true,3,27,295,20
"space_three","A* h+ + pruning ",3,true,3,27,295,16
"space_three","A* h+ + pruning ",4,true,3,27,295,21
"space_three","A* h+ + pruning ",5,true,3,27,295,22
"space_three","A* h+ + pruning ",6,true,3,27,295,21
"space_three","A* h+ + pruning ",7,true,3,27,295,20
"space_three","A* h+ + pruning ",8,true,3,27,295,18
"space_three","A* h+ + pruning ",9,true,3,27,295,22
"space_three","A* h+ + pruning ",10,true,3,27,295,17
"space_three","A* h_max + pruning ",1,true,3,27,294,21
"space_three","A* h_max + pruning ",2,true,3,27,294,21
"space_three","A* h_max + pruning ",3,true,3,27,294,22
"space_three","A* h_max + pruning ",4,true,3,27,294,18
"space_three","A* h_max + pruning ",5,true,3,27,294,19
"space_three","A* h_max + pruning ",6,true,3,27,294,21
"space_three","A* h_max + pruning ",7,true,3,27,294,18
"space_three","A* h_max + pruning ",8,true,3,27,294,19
"space_three","A* h_max + pruning ",9,true,3,27,294,18
"space_three","A* h_max + pruning ",10,true,3,27,294,22
"space_three","A* rp + pruning ",1,true,3,92,928,64
"space_three","A* rp + pruning ",2,true,3,11,81,5
"space_three","A* rp + pruning ",3,true,3,92,928,63
"space_three","A* rp + pruning ",4,true,3,92,928,59
"space_three","A* rp + pruning ",5,true,3,89,875,62
"space_three","A* rp + pruning ",6,true,3,11,81,6
"space_three","A* rp + pruning ",7,true,3,11,81,5
"space_three","A* rp + pruning ",8,true,3,89,875,55
"space_three","A* rp + pruning ",9,true,3,89,875,65
"space_three","A* rp + pruning ",10,true,3,92,928,60
"space_three","EFS h+",1,true,3,21,132,6
"space_three","EFS h+",2,true,3,21,132,7
"space_three","EFS h+",3,true,3,21,132,5
"space_three","EFS h+",4,true,3,21,132,4
"space_three","EFS h+",5,true,3,21,132,6
"space_three","EFS h+",6,true,3,21,132,6
"space_three","EFS h+",7,true,3,21,132,5
"space_three","EFS h+",8,true,3,21,132,6
"space_three","EFS h+",9,true,3,21,132,6
"space_three","EFS h+",10,true,3,21,132,6
"space_three","EFS h_max",1,true,3,14,120,7
"space_three","EFS h_max",2,true,3,14,120,5
"space_three","EFS h_max",3,true,3,14,120,6
"space_three","EFS h_max",4,true,3,14,120,6
"space_three","EFS h_max",5,true,3,14,120,6
"space_three","EFS h_max",6,true,3,14,120,6
"space_three","EFS h_max",7,true,3,14,120,6
"space_three","EFS h_max",8,true,3,14,120,5
"space_three","EFS h_max",9,true,3,14,120,7
"space_three","EFS h_max",10,true,3,14,120,6
"space_three","EFS rp",1,true,3,16,170,7
"space_three","EFS rp",2,true,3,13,84,4
"space_three","EFS rp",3,true,3,16,170,7
"space_three","EFS rp",4,true,3,16,170,6
"space_three","EFS rp",5,true,3,16,170,7
"space_three","EFS rp",6,true,3,13,84,4
"space_three","EFS rp",7,true,3,13,84,5
"space_three","EFS rp",8,true,3,16,170,8
"space_three","EFS rp",9,true,3,16,170,6
"space_three","EFS rp",10,true,3,16,170,6
"space_three","EFS h+ + pruning ",1,true,3,14,126,7
"space_three","EFS h+ + pruning ",2,true,3,14,126,6
"space_three","EFS h+ + pruning ",3,true,3,14,126,8
"space_three","EFS h+ + pruning ",4,true,3,14,126,6
"space_three","EFS h+ + pruning ",5,true,3,14,126,8
"space_three","EFS h+ + pruning ",6,true,3,14,126,7
"space_three","EFS h+ + pruning ",7,true,3,14,126,7
"space_three","EFS h+ + pruning ",8,true,3,14,126,7
"space_three","EFS h+ + pruning ",9,true,3,14,126,8
"space_three","EFS h+ + pruning ",10,true,3,14,126,6
"space_three","EFS h_max + pruning ",1,true,3,14,122,10
"space_three","EFS h_max + pruning ",2,true,3,14,122,8
"space_three","EFS h_max + pruning ",3,true,3,14,122,8
"space_three","EFS h_max + pruning ",4,true,3,14,122,8
"space_three","EFS h_max + pruning ",5,true,3,14,122,9
"space_three","EFS h_max + pruning ",6,true,3,14,122,7
"space_three","EFS h_max + pruning ",7,true,3,14,122,8
"space_three","EFS h_max + pruning ",8,true,3,14,122,8
"space_three","EFS h_max + pruning ",9,true,3,14,122,7
"space_three","EFS h_max + pruning ",10,true,3,14,122,6
"space_three","EFS rp + pruning ",1,true,3,14,126,9
"space_three","EFS rp + pruning ",2,true,3,8,79,6
"space_three","EFS rp + pruning ",3,true,3,14,126,9
"space_three","EFS rp + pruning ",4,true,3,14,126,9
"space_three","EFS rp + pruning ",5,true,3,14,126,7
"space_three","EFS rp + pruning ",6,true,3,8,79,4
"space_three","EFS rp + pruning ",7,true,3,8,79,5
"space_three","EFS rp + pruning ",8,true,3,14,126,7
"space_three","EFS rp + pruning ",9,true,3,14,126,10
"space_three","EFS rp + pruning ",10,true,3,14,126,10
"space_three","GFS h+",1,true,3,27,135,7
"space_three","GFS h+",2,true,3,27,135,6
"space_three","GFS h+",3,true,3,27,135,8
"space_three","GFS h+",4,true,3,27,135,6
"space_three","GFS h+",5,true,3,27,135,6
"space_three","GFS h+",6,true,3,27,135,6
"space_three","GFS h+",7,true,3,27,135,5
"space_three","GFS h+",8,true,3,27,135,6
"space_three","GFS h+",9,true,3,27,135,6
"space_three","GFS h+",10,true,3,27,135,5
"space_three","GFS h_max",1,true,3,19,132,6
"space_three","GFS h_max",2,true,3,19,132,6
"space_three","GFS h_max",3,true,3,19,132,7
"space_three","GFS h_max",4,true,3,19,132,5
"space_three","GFS h_max",5,true,3,19,132,4
"space_three","GFS h_max",6,true,3,19,132,5
"space_three","GFS h_max",7,true,3,19,132,6
"space_three","GFS h_max",8,true,3,19,132,6
"space_three","GFS h_max",9,true,3,19,132,6
"space_three","GFS h_max",10,true,3,19,132,5
"space_three","GFS rp",1,true,4,90,788,23
"space_three","GFS rp",2,true,3,6,54,3
"space_three","GFS rp",3,true,4,89,764,25
"space_three","GFS rp",4,true,4,89,764,23
"space_three","GFS rp",5,true,4,89,764,23
"space_three","GFS rp",6,true,3,6,54,3
"space_three","GFS rp",7,true,3,6,54,2
"space_three","GFS rp",8,true,4,90,788,24
"space_three","GFS rp",9,true,4,89,764,30
"space_three","GFS rp",10,true,4,89,764,25
"space_three","GFS h+ + pruning ",1,true,3,24,138,10
"space_three","GFS h+ + pruning ",2,true,3,24,138,13
"space_three","GFS h+ + pruning ",3,true,3,24,138,9
"space_three","GFS h+ + pruning ",4,true,3,24,138,9
"space_three","GFS h+ + pruning ",5,true,3,24,138,10
"space_three","GFS h+ + pruning ",6,true,3,24,138,8
"space_three","GFS h+ + pruning ",7,true,3,24,138,9
"space_three","GFS h+ + pruning ",8,true,3,24,138,10
"space_three","GFS h+ + pruning ",9,true,3,24,138,9
"space_three","GFS h+ + pruning ",10,true,3,24,138,5
"space_three","GFS h_max + pruning ",1,true,3,19,138,9
"space_three","GFS h_max + pruning ",2,true,3,19,138,10
"space_three","GFS h_max + pruning ",3,true,3,19,138,7
"space_three","GFS h_max + pruning ",4,true,3,19,138,10
"space_three","GFS h_max + pruning ",5,true,3,19,138,9
"space_three","GFS h_max + pruning ",6,true,3,19,138,9
"space_three","GFS h_max + pruning ",7,true,3,19,138,9
"space_three","GFS h_max + pruning ",8,true,3,19,138,10
"space_three","GFS h_max + pruning ",9,true,3,19,138,11
"space_three","GFS h_max + pruning ",10,true,3,19,138,8
"space_three","GFS rp + pruning ",1,true,3,72,639,48
"space_three","GFS rp + pruning ",2,true,3,6,56,4
"space_three","GFS rp + pruning ",3,true,3,72,639,44
"space_three","GFS rp + pruning ",4,true,3,72,639,42
"space_three","GFS rp + pruning ",5,true,3,72,639,40
"space_three","GFS rp + pruning ",6,true,3,6,56,5
"space_three","GFS rp + pruning ",7,true,3,6,56,5
"space_three","GFS rp + pruning ",8,true,3,72,639,39
"space_three","GFS rp + pruning ",9,true,3,72,639,51
"space_three","GFS rp + pruning ",10,true,3,72,639,60
"space_four","BFS",1,true,5,137,1756,32
"space_four","BFS",2,true,5,130,1677,29
"space_four","BFS",3,true,5,137,1758,28
"space_four","BFS",4,true,5,126,1606,32
"space_four","BFS",5,true,5,119,1527,28
"space_four","BFS",6,true,5,119,1527,30
"space_four","BFS",7,true,5,126,1608,34
"space_four","BFS",8,true,5,119,1527,25
"space_four","BFS",9,true,5,119,1527,27
"space_four","BFS",10,true,5,126,1606,24
"space_four","BFS prune",1,true,5,94,1202,50
"space_four","BFS prune",2,true,5,87,1127,58
"space_four","BFS prune",3,true,5,94,1204,49
"space_four","BFS prune",4,true,5,90,1139,51
"space_four","BFS prune",5,true,5,83,1064,54
"space_four","BFS prune",6,true,5,83,1064,45
"space_four","BFS prune",7,true,5,90,1141,54
"space_four","BFS prune",8,true,5,83,1064,82
"space_four","BFS prune",9,true,5,83,1064,55
"space_four","BFS prune",10,true,5,90,1139,44
"space_four","A* h+",1,true,5,51,460,24
"space_four","A* h+",2,true,5,51,460,19
"space_four","A* h+",3,true,5,51,460,22
"space_four","A* h+",4,true,5,49,442,16
"space_four","A* h+",5,true,5,49,442,17
"space_four","A* h+",6,true,5,49,442,20
"space_four","A* h+",7,true,5,49,442,22
"space_four","A* h+",8,true,5,49,442,21
"space_four","A* h+",9,true,5,49,442,23
"space_four","A* h+",10,true,5,49,442,15
"space_four","A* h_max",1,true,5,51,456,21
"space_four","A* h_max",2,true,5,51,456,23
"space_four","A* h_max",3,true,5,51,456,33
"space_four","A* h_max",4,true,5,49,438,21
"space_four","A* h_max",5,true,5,49,438,19
"space_four","A* h_max",6,true,5,49,438,20
"space_four","A* h_max",7,true,5,49,438,21
"space_four","A* h_max",8,true,5,49,438,20
"space_four","A* h_max",9,true,5,49,438,23
"space_four","A* h_max",10,true,5,49,438,18
"space_four","A* rp",1,true,6,3974,33782,1035
"space_four","A* rp",2,true,6,4397,39687,1112
"space_four","A* rp",3,true,6,3974,33782,1041
"space_four","A* rp",4,true,6,3968,33653,963
"space_four","A* rp",5,true,6,3778,32671,1038
"space_four","A* rp",6,true,6,4173,38347,1144
"space_four","A* rp",7,true,6,4169,38211,1173
"space_four","A* rp",8,true,6,3770,32415,1076
"space_four","A* rp",9,true,6,3774,32551,1158
"space_four","A* rp",10,true,6,3972,33773,1244
"space_four","A* h+ + pruning ",1,true,5,52,470,34
"space_four","A* h+ + pruning ",2,true,5,52,470,27
"space_four","A* h+ + pruning ",3,true,5,52,470,33
"space_four","A* h+ + pruning ",4,true,5,50,450,36
"space_four","A* h+ + pruning ",5,true,5,50,450,32
"space_four","A* h+ + pruning ",6,true,5,50,450,97
"space_four","A* h+ + pruning ",7,true,5,50,450,37
"space_four","A* h+ + pruning ",8,true,5,50,450,29
"space_four","A* h+ + pruning ",9,true,5,50,450,43
"space_four","A* h+ + pruning ",10,true,5,50,450,37
"space_four","A* h_max + pruning ",1,true,5,52,464,100
"space_four","A* h_max + pruning ",2,true,5,52,464,45
"space_four","A* h_max + pruning ",3,true,5,52,464,38
"space_four","A* h_max + pruning ",4,true,5,50,444,26
"space_four","A* h_max + pruning ",5,true,5,50,444,36
"space_four","A* h_max + pruning ",6,true,5,50,444,41
"space_four","A* h_max + pruning ",7,true,5,50,444,44
"space_four","A* h_max + pruning ",8,true,5,50,444,53
"space_four","A* h_max + pruning ",9,true,5,50,444,29
"space_four","A* h_max + pruning ",10,true,5,50,444,36
"space_four","A* rp + pruning ",1,true,6,827,7211,274
"space_four","A* rp + pruning ",2,true,6,916,8136,277
"space_four","A* rp + pruning ",3,true,6,827,7211,272
"space_four","A* rp + pruning ",4,true,6,823,7052,268
"space_four","A* rp + pruning ",5,true,6,857,7518,322
"space_four","A* rp + pruning ",6,true,6,921,8229,332
"space_four","A* rp + pruning ",7,true,6,917,8045,793
"space_four","A* rp + pruning ",8,true,6,837,6980,737
"space_four","A* rp + pruning ",9,true,6,847,7284,775
"space_four","A* rp + pruning ",10,true,6,827,7212,720
"space_four","EFS h+",1,true,5,214,1120,40
"space_four","EFS h+",2,true,5,214,1120,40
"space_four","EFS h+",3,true,5,214,1120,39
"space_four","EFS h+",4,true,5,209,1080,37
"space_four","EFS h+",5,true,5,209,1080,37
"space_four","EFS h+",6,true,5,209,1080,26
"space_four","EFS h+",7,true,5,209,1080,42
"space_four","EFS h+",8,true,5,209,1080,37
"space_four","EFS h+",9,true,5,209,1080,34
"space_four","EFS h+",10,true,5,209,1080,38
"space_four","EFS h_max",1,true,5,100,924,33
"space_four","EFS h_max",2,true,5,100,924,39
"space_four","EFS h_max",3,true,5,100,924,37
"space_four","EFS h_max",4,true,5,95,884,25
"space_four","EFS h_max",5,true,5,95,884,27
"space_four","EFS h_max",6,true,5,95,884,31
"space_four","EFS h_max",7,true,5,95,884,29
"space_four","EFS h_max",8,true,5,95,884,23
"space_four","EFS h_max",9,true,5,95,884,33
"space_four","EFS h_max",10,true,5,95,884,35
"space_four","EFS rp",1,true,6,1026,5736,175
"space_four","EFS rp",2,true,6,1026,5738,162
"space_four","EFS rp",3,true,6,1026,5736,171
"space_four","EFS rp",4,true,6,1024,5727,186
"space_four","EFS rp",5,true,6,1024,5727,146
"space_four","EFS rp",6,true,6,1024,5729,162
"space_four","EFS rp",7,true,6,1024,5729,153
"space_four","EFS rp",8,true,6,1024,5727,232
"space_four","EFS rp",9,true,6,1024,5727,228
"space_four","EFS rp",10,true,6,1024,5727,224
"space_four","EFS h+ + pruning ",1,true,5,167,987,54
"space_four","EFS h+ + pruning ",2,true,5,167,987,83
"space_four","EFS h+ + pruning ",3,true,5,167,987,44
"space_four","EFS h+ + pruning ",4,true,5,163,947,46
"space_four","EFS h+ + pruning ",5,true,5,163,947,51
"space_four","EFS h+ + pruning ",6,true,5,163,947,40
"space_four","EFS h+ + pruning ",7,true,5,163,947,51
"space_four","EFS h+ + pruning ",8,true,5,163,947,40
"space_four","EFS h+ + pruning ",9,true,5,163,947,45
"space_four","EFS h+ + pruning ",10,true,5,163,947,53
"space_four","EFS h_max + pruning ",1,true,5,77,846,47
"space_four","EFS h_max + pruning ",2,true,5,77,846,52
"space_four","EFS h_max + pruning ",3,true,5,77,846,44
"space_four","EFS h_max + pruning ",4,true,5,73,806,46
"space_four","EFS h_max + pruning ",5,true,5,73,806,36
"space_four","EFS h_max + pruning ",6,true,5,73,806,35
"space_four","EFS h_max + pruning ",7,true,5,73,806,44
"space_four","EFS h_max + pruning ",8,true,5,73,806,33
"space_four","EFS h_max + pruning ",9,true,5,73,806,37
"space_four","EFS h_max + pruning ",10,true,5,73,806,34
"space_four","EFS rp + pruning ",1,true,6,171,1114,62
"space_four","EFS rp + pruning ",2,true,6,171,1114,56
"space_four","EFS rp + pruning ",3,true,6,171,1114,69
"space_four","EFS rp + pruning ",4,true,6,171,1115,56
"space_four","EFS rp + pruning ",5,true,6,171,1115,51
"space_four","EFS rp + pruning ",6,true,6,171,1115,77
"space_four","EFS rp + pruning ",7,true,6,171,1115,59
"space_four","EFS rp + pruning ",8,true,6,171,1115,57
"space_four","EFS rp + pruning ",9,true,6,171,1115,60
"space_four","EFS rp + pruning ",10,true,6,171,1115,61
"space_four","GFS h+",1,true,5,54,322,20
"space_four","GFS h+",2,true,5,54,322,20
"space_four","GFS h+",3,true,5,54,322,19
"space_four","GFS h+",4,true,5,52,304,13
"space_four","GFS h+",5,true,5,52,304,12
"space_four","GFS h+",6,true,5,52,304,13
"space_four","GFS h+",7,true,5,52,304,20
"space_four","GFS h+",8,true,5,52,304,17
"space_four","GFS h+",9,true,5,52,304,13
"space_four","GFS h+",10,true,5,52,304,22
"space_four","GFS h_max",1,true,5,44,318,17
"space_four","GFS h_max",2,true,5,44,318,20
"space_four","GFS h_max",3,true,5,44,318,22
"space_four","GFS h_max",4,true,5,42,300,14
"space_four","GFS h_max",5,true,5,42,300,15
"space_four","GFS h_max",6,true,5,42,300,17
"space_four","GFS h_max",7,true,5,42,300,15
"space_four","GFS h_max",8,true,5,42,300,15
"space_four","GFS h_max",9,true,5,42,300,17
"space_four","GFS h_max",10,true,5,42,300,18
"space_four","GFS rp",1,true,6,1338,10758,406
"space_four","GFS rp",2,true,6,1368,10466,393
"space_four","GFS rp",3,true,6,1275,10461,342
"space_four","GFS rp",4,true,6,1317,10567,390
"space_four","GFS rp",5,true,6,1273,10451,376
"space_four","GFS rp",6,true,6,1383,10618,408
"space_four","GFS rp",7,true,6,1379,10558,348
"space_four","GFS rp",8,true,6,1308,10341,399
"space_four","GFS rp",9,true,6,1137,9674,343
"space_four","GFS rp",10,true,6,1209,10133,385
"space_four","GFS h+ + pruning ",1,true,5,49,322,34
"space_four","GFS h+ + pruning ",2,true,5,49,322,26
"space_four","GFS h+ + pruning ",3,true,5,49,322,37
"space_four","GFS h+ + pruning ",4,true,5,47,302,29
"space_four","GFS h+ + pruning ",5,true,5,47,302,33
"space_four","GFS h+ + pruning ",6,true,5,47,302,27
"space_four","GFS h+ + pruning ",7,true,5,47,302,46
"space_four","GFS h+ + pruning ",8,true,5,47,302,27
"space_four","GFS h+ + pruning ",9,true,5,47,302,32
"space_four","GFS h+ + pruning ",10,true,5,47,302,31
"space_four","GFS h_max + pruning ",1,true,5,44,322,30
"space_four","GFS h_max + pruning ",2,true,5,44,322,25
"space_four","GFS h_max + pruning ",3,true,5,44,322,22
"space_four","GFS h_max + pruning ",4,true,5,42,302,47
"space_four","GFS h_max + pruning ",5,true,5,42,302,23
"space_four","GFS h_max + pruning ",6,true,5,42,302,25
"space_four","GFS h_max + pruning ",7,true,5,42,302,38
"space_four","GFS h_max + pruning ",8,true,5,42,302,30
"space_four","GFS h_max + pruning ",9,true,5,42,302,21
"space_four","GFS h_max + pruning ",10,true,5,42,302,37
"space_four","GFS rp + pruning ",1,true,6,646,6513,404
"space_four","GFS rp + pruning ",2,true,6,652,6108,312
"space_four","GFS rp + pruning ",3,true,6,634,6378,336
"space_four","GFS rp + pruning ",4,true,6,632,6309,385
"space_four","GFS rp + pruning ",5,true,6,634,6380,400
"space_four","GFS rp + pruning ",6,true,6,656,6219,374
"space_four","GFS rp + pruning ",7,true,6,652,6103,354
"space_four","GFS rp + pruning ",8,true,6,618,6021,308
"space_four","GFS rp + pruning ",9,true,6,598,5858,507
"space_four","GFS rp + pruning ",10,true,6,624,6199,496
"bribery","BFS",1,true,2,9,161,1
"bribery","BFS",2,true,2,10,177,1
"bribery","BFS",3,true,2,9,161,1
"bribery","BFS",4,true,2,8,145,0
"bribery","BFS",5,true,2,9,161,0
"bribery","BFS",6,true,2,8,145,0
"bribery","BFS",7,true,2,10,177,0
"bribery","BFS",8,true,2,10,177,1
"bribery","BFS",9,true,2,10,177,0
"bribery","BFS",10,true,2,9,161,0
"bribery","BFS prune",1,true,2,9,155,1
"bribery","BFS prune",2,true,2,10,171,1
"bribery","BFS prune",3,true,2,9,155,1
"bribery","BFS prune",4,true,2,8,139,1
"bribery","BFS prune",5,true,2,9,155,1
"bribery","BFS prune",6,true,2,8,139,1
"bribery","BFS prune",7,true,2,10,171,1
"bribery","BFS prune",8,true,2,10,171,1
"bribery","BFS prune",9,true,2,10,171,1
"bribery","BFS prune",10,true,2,9,155,1
"bribery","A* h+",1,true,2,2,37,0
"bribery","A* h+",2,true,2,2,37,1
"bribery","A* h+",3,true,2,2,37,0
"bribery","A* h+",4,true,2,2,37,1
"bribery","A* h+",5,true,2,2,37,0
"bribery","A* h+",6,true,2,2,37,1
"bribery","A* h+",7,true,2,2,37,0
"bribery","A* h+",8,true,2,2,37,0
"bribery","A* h+",9,true,2,2,37,0
"bribery","A* h+",10,true,2,2,37,0
"bribery","A* h_max",1,true,2,2,37,0
"bribery","A* h_max",2,true,2,2,37,0
"bribery","A* h_max",3,true,2,2,37,0
"bribery","A* h_max",4,true,2,2,37,0
"bribery","A* h_max",5,true,2,2,37,0
"bribery","A* h_max",6,true,2,2,37,1
"bribery","A* h_max",7,true,2,2,37,0
"bribery","A* h_max",8,true,2,2,37,0
"bribery","A* h_max",9,true,2,2,37,1
"bribery","A* h_max",10,true,2,2,37,1
"bribery","A* rp",1,true,2,2,37,1
"bribery","A* rp",2,true,2,2,37,0
"bribery","A* rp",3,true,2,2,37,0
"bribery","A* rp",4,true,2,2,37,0
"bribery","A* rp",5,true,2,2,37,1
"bribery","A* rp",6,true,2,2,37,1
"bribery","A* rp",7,true,2,2,37,1
"bribery","A* rp",8,true,2,2,37,1
"bribery","A* rp",9,true,2,2,37,0
"bribery","A* rp",10,true,2,2,37,0
"bribery","A* h+ + pruning ",1,true,2,2,37,1
"bribery","A* h+ + pruning ",2,true,2,2,37,0
"bribery","A* h+ + pruning ",3,true,2,2,37,1
"bribery","A* h+ + pruning ",4,true,2,2,37,0
"bribery","A* h+ + pruning ",5,true,2,2,37,0
"bribery","A* h+ + pruning ",6,true,2,2,37,1
"bribery","A* h+ + pruning ",7,true,2,2,37,1
"bribery","A* h+ + pruning ",8,true,2,2,37,0
"bribery","A* h+ + pruning ",9,true,2,2,37,1
"bribery","A* h+ + pruning ",10,true,2,2,37,0
"bribery","A* h_max + pruning ",1,true,2,2,37,0
"bribery","A* h_max + pruning ",2,true,2,2,37,1
"bribery","A* h_max + pruning ",3,true,2,2,37,0
"bribery","A* h_max + pruning ",4,true,2,2,37,1
"bribery","A* h_max + pruning ",5,true,2,2,37,0
"bribery","A* h_max + pruning ",6,true,2,2,37,1
"bribery","A* h_max + pruning ",7,true,2,2,37,0
"bribery","A* h_max + pruning ",8,true,2,2,37,0
"bribery","A* h_max + pruning ",9,true,2,2,37,0
"bribery","A* h_max + pruning ",10,true,2,2,37,1
"bribery","A* rp + pruning ",1,true,2,2,37,0
"bribery","A* rp + pruning ",2,true,2,2,37,0
"bribery","A* rp + pruning ",3,true,2,2,37,0
"bribery","A* rp + pruning ",4,true,2,2,37,0
"bribery","A* rp + pruning ",5,true,2,2,37,1
"bribery","A* rp + pruning ",6,true,2,2,37,0
"bribery","A* rp + pruning ",7,true,2,2,37,1
"bribery","A* rp + pruning ",8,true,2,2,37,0
"bribery","A* rp + pruning ",9,true,2,2,37,0
"bribery","A* rp + pruning ",10,true,2,2,37,0
"bribery","EFS h+",1,true,2,5743,15047,118
"bribery","EFS h+",2,true,2,5743,15047,111
"bribery","EFS h+",3,true,2,5743,15047,135
"bribery","EFS h+",4,true,2,5743,15047,142
"bribery","EFS h+",5,true,2,5743,15047,138
"bribery","EFS h+",6,true,2,5743,15047,146
"bribery","EFS h+",7,true,2,5743,15047,106
"bribery","EFS h+",8,true,2,5744,15050,98
"bribery","EFS h+",9,true,2,5744,15050,130
"bribery","EFS h+",10,true,2,5744,15050,134
"bribery","EFS h_max",1,true,2,600,5716,47
"bribery","EFS h_max",2,true,2,600,5716,44
"bribery","EFS h_max",3,true,2,600,5716,28
"bribery","EFS h_max",4,true,2,600,5716,55
"bribery","EFS h_max",5,true,2,600,5716,81
"bribery","EFS h_max",6,true,2,600,5716,48
"bribery","EFS h_max",7,true,2,600,5716,45
"bribery","EFS h_max",8,true,2,601,5719,34
"bribery","EFS h_max",9,true,2,601,5719,45
"bribery","EFS h_max",10,true,2,601,5719,45
"bribery","EFS rp",1,true,2,5743,15047,159
"bribery","EFS rp",2,true,2,5743,15047,155
"bribery","EFS rp",3,true,2,5743,15047,145
"bribery","EFS rp",4,true,2,5743,15047,172
"bribery","EFS rp",5,true,2,5743,15047,172
"bribery","EFS rp",6,true,2,5743,15047,169
"bribery","EFS rp",7,true,2,5743,15047,185
"bribery","EFS rp",8,true,2,5744,15050,151
"bribery","EFS rp",9,true,2,5744,15050,137
"bribery","EFS rp",10,true,2,5744,15050,148
"bribery","EFS h+ + pruning ",1,true,2,886,6074,115
"bribery","EFS h+ + pruning ",2,true,2,886,6074,97
"bribery","EFS h+ + pruning ",3,true,2,886,6074,114
"bribery","EFS h+ + pruning ",4,true,2,886,6073,101
"bribery","EFS h+ + pruning ",5,true,2,886,6073,118
"bribery","EFS h+ + pruning ",6,true,2,886,6074,126
"bribery","EFS h+ + pruning ",7,true,2,886,6073,131
"bribery","EFS h+ + pruning ",8,true,2,887,6074,97
"bribery","EFS h+ + pruning ",9,true,2,887,6074,120
"bribery","EFS h+ + pruning ",10,true,2,887,6073,116
"bribery","EFS h_max + pruning ",1,true,2,259,3080,54
"bribery","EFS h_max + pruning ",2,true,2,259,3080,32
"bribery","EFS h_max + pruning ",3,true,2,259,3080,57
"bribery","EFS h_max + pruning ",4,true,2,259,3079,38
"bribery","EFS h_max + pruning ",5,true,2,259,3079,55
"bribery","EFS h_max + pruning ",6,true,2,259,3080,55
"bribery","EFS h_max + pruning ",7,true,2,259,3079,39
"bribery","EFS h_max + pruning ",8,true,2,260,3080,32
"bribery","EFS h_max + pruning ",9,true,2,260,3080,37
"bribery","EFS h_max + pruning ",10,true,2,260,3079,42
"bribery","EFS rp + pruning ",1,true,2,886,6074,87
"bribery","EFS rp + pruning ",2,true,2,886,6074,115
"bribery","EFS rp + pruning ",3,true,2,886,6074,111
"bribery","EFS rp + pruning ",4,true,2,886,6073,110
"bribery","EFS rp + pruning ",5,true,2,886,6073,83
"bribery","EFS rp + pruning ",6,true,2,886,6074,69
"bribery","EFS rp + pruning ",7,true,2,886,6073,103
"bribery","EFS rp + pruning ",8,true,2,887,6074,110
"bribery","EFS rp + pruning ",9,true,2,887,6074,135
"bribery","EFS rp + pruning ",10,true,2,887,6073,91
"bribery","GFS h+",1,true,2,3,32,0
"bribery","GFS h+",2,true,2,3,32,1
"bribery","GFS h+",3,true,2,3,32,1
"bribery","GFS h+",4,true,2,3,32,0
"bribery","GFS h+",5,true,2,3,32,0
"bribery","GFS h+",6,true,2,3,32,0
"bribery","GFS h+",7,true,2,3,32,0
"bribery","GFS h+",8,true,2,3,32,1
"bribery","GFS h+",9,true,2,3,32,0
"bribery","GFS h+",10,true,2,3,32,1
"bribery","GFS h_max",1,true,2,3,32,0
"bribery","GFS h_max",2,true,2,3,32,0
"bribery","GFS h_max",3,true,2,3,32,0
"bribery","GFS h_max",4,true,2,3,32,0
"bribery","GFS h_max",5,true,2,3,32,1
"bribery","GFS h_max",6,true,2,3,32,0
"bribery","GFS h_max",7,true,2,3,32,0
"bribery","GFS h_max",8,true,2,3,32,0
"bribery","GFS h_max",9,true,2,3,32,1
"bribery","GFS h_max",10,true,2,3,32,0
"bribery","GFS rp",1,true,2,3,32,1
"bribery","GFS rp",2,true,2,3,32,1
"bribery","GFS rp",3,true,2,3,32,0
"bribery","GFS rp",4,true,2,3,32,1
"bribery","GFS rp",5,true,2,3,32,2
"bribery","GFS rp",6,true,2,3,32,1
"bribery","GFS rp",7,true,2,3,32,1
"bribery","GFS rp",8,true,2,3,32,1
"bribery","GFS rp",9,true,2,3,32,0
"bribery","GFS rp",10,true,2,3,32,1
"bribery","GFS h+ + pruning ",1,true,2,3,32,1
"bribery","GFS h+ + pruning ",2,true,2,3,32,2
"bribery","GFS h+ + pruning ",3,true,2,3,32,1
"bribery","GFS h+ + pruning ",4,true,2,3,32,0
"bribery","GFS h+ + pruning ",5,true,2,3,32,1
"bribery","GFS h+ + pruning ",6,true,2,3,32,0
"bribery","GFS h+ + pruning ",7,true,2,3,32,1
"bribery","GFS h+ + pruning ",8,true,2,3,32,1
"bribery","GFS h+ + pruning ",9,true,2,3,32,1
"bribery","GFS h+ + pruning ",10,true,2,3,32,1
"bribery","GFS h_max + pruning ",1,true,2,3,32,2
"bribery","GFS h_max + pruning ",2,true,2,3,32,0
"bribery","GFS h_max + pruning ",3,true,2,3,32,1
"bribery","GFS h_max + pruning ",4,true,2,3,32,0
"bribery","GFS h_max + pruning ",5,true,2,3,32,1
"bribery","GFS h_max + pruning ",6,true,2,3,32,1
"bribery","GFS h_max + pruning ",7,true,2,3,32,1
"bribery","GFS h_max + pruning ",8,true,2,3,32,1
"bribery","GFS h_max + pruning ",9,true,2,3,32,1
"bribery","GFS h_max + pruning ",10,true,2,3,32,0
"bribery","GFS rp + pruning ",1,true,2,3,32,1
"bribery","GFS rp + pruning ",2,true,2,3,32,1
"bribery","GFS rp + pruning ",3,true,2,3,32,1
"bribery","GFS rp + pruning ",4,true,2,3,32,0
"bribery","GFS rp + pruning ",5,true,2,3,32,1
"bribery","GFS rp + pruning ",6,true,2,3,32,1
"bribery","GFS rp + pruning ",7,true,2,3,32,1
"bribery","GFS rp + pruning ",8,true,2,3,32,1
"bribery","GFS rp + pruning ",9,true,2,3,32,0
"bribery","GFS rp + pruning ",10,true,2,3,32,1
"fantasy_all","BFS",1,false,,1000000,13966817,861989
"fantasy_all","BFS",2,false,,1000000,13966817,863970
"fantasy_all","BFS",3,false,,1000000,13966817,860851
"fantasy_all","BFS",4,false,,1000000,13966817,859721
"fantasy_all","BFS",5,false,,1000000,13967965,861950
"fantasy_all","BFS",6,false,,1000000,13966544,865455
"fantasy_all","BFS",7,false,,1000000,13966817,863592
"fantasy_all","BFS",8,false,,1000000,13966817,863539
"fantasy_all","BFS",9,false,,1000000,13966544,809638
"fantasy_all","BFS",10,false,,1000000,13966544,809281
"fantasy_all","BFS prune",1,true,9,57357,866938,229532
"fantasy_all","BFS prune",2,true,9,57357,866938,233085
"fantasy_all","BFS prune",3,true,9,57357,866938,234510
"fantasy_all","BFS prune",4,true,9,57357,866938,235087
"fantasy_all","BFS prune",5,true,9,57354,866938,235276
"fantasy_all","BFS prune",6,true,9,57360,866850,233513
"fantasy_all","BFS prune",7,true,9,57357,866938,182887
"fantasy_all","BFS prune",8,true,9,57357,866938,184305
"fantasy_all","BFS prune",9,true,9,57359,866850,183362
"fantasy_all","BFS prune",10,true,9,57359,866850,182605
"fantasy_all","A* h+",1,false,,1000000,15093797,2534606
"fantasy_all","A* h+",2,false,,1000000,15093758,2539801
"fantasy_all","A* h+",3,false,,1000000,15093758,2550503
"fantasy_all","A* h+",4,false,,1000000,15093758,2482604
"fantasy_all","A* h+",5,false,,1000000,15094232,2555492
"fantasy_all","A* h+",6,false,,1000000,15094046,2597202
"fantasy_all","A* h+",7,false,,1000000,15093758,2535284
"fantasy_all","A* h+",8,false,,1000000,15093758,2590260
"fantasy_all","A* h+",9,false,,1000000,15094046,2466652
"fantasy_all","A* h+",10,false,,1000000,15094046,2415956
"fantasy_all","A* h_max",1,false,,1000000,15504283,1477580
"fantasy_all","A* h_max",2,false,,1000000,15504283,1484317
"fantasy_all","A* h_max",3,false,,1000000,15504283,1481678
"fantasy_all","A* h_max",4,false,,1000000,15504283,1506401
"fantasy_all","A* h_max",5,false,,1000000,15504195,1491019
"fantasy_all","A* h_max",6,false,,1000000,15504283,1531372
"fantasy_all","A* h_max",7,false,,1000000,15504283,1482895
"fantasy_all","A* h_max",8,false,,1000000,15504283,1489909
"fantasy_all","A* h_max",9,false,,1000000,15504283,1482854
"fantasy_all","A* h_max",10,false,,1000000,15504283,1544592
"fantasy_all","A* rp",1,false,,1000000,15346552,2204758
"fantasy_all","A* rp",2,false,,1000000,15352587,2257428
"fantasy_all","A* rp",3,false,,1000000,15310885,2259195
"fantasy_all","A* rp",4,false,,1000000,15351388,2174641
"fantasy_all","A* rp",5,false,,1000000,15341048,2286490
"fantasy_all","A* rp",6,false,,1000000,15317210,2252201
"fantasy_all","A* rp",7,false,,1000000,15356048,2209150
"fantasy_all","A* rp",8,false,,1000000,15309696,2249718
"fantasy_all","A* rp",9,false,,1000000,15314732,2265662
"fantasy_all","A* rp",10,false,,1000000,15354253,2316739
"fantasy_all","A* h+ + pruning ",1,true,9,32626,481617,68083
"fantasy_all","A* h+ + pruning ",2,true,9,32626,481617,72776
"fantasy_all","A* h+ + pruning ",3,true,9,32626,481617,72589
"fantasy_all","A* h+ + pruning ",4,true,9,32626,481617,72450
"fantasy_all","A* h+ + pruning ",5,true,9,32612,481588,72027
"fantasy_all","A* h+ + pruning ",6,true,9,32650,481790,72593
"fantasy_all","A* h+ + pruning ",7,true,9,32626,481617,70580
"fantasy_all","A* h+ + pruning ",8,true,9,32626,481617,71888
"fantasy_all","A* h+ + pruning ",9,true,9,32686,482457,72141
"fantasy_all","A* h+ + pruning ",10,true,9,32686,482457,72437
"fantasy_all","A* h_max + pruning ",1,true,9,10083,205847,35750
"fantasy_all","A* h_max + pruning ",2,true,9,10083,205847,37337
"fantasy_all","A* h_max + pruning ",3,true,9,10083,205847,37959
"fantasy_all","A* h_max + pruning ",4,true,9,10083,205847,38133
"fantasy_all","A* h_max + pruning ",5,true,9,10082,205790,38140
"fantasy_all","A* h_max + pruning ",6,true,9,10079,205811,37195
"fantasy_all","A* h_max + pruning ",7,true,9,10083,205847,37617
"fantasy_all","A* h_max + pruning ",8,true,9,10083,205847,37987
"fantasy_all","A* h_max + pruning ",9,true,9,10079,205811,37784
"fantasy_all","A* h_max + pruning ",10,true,9,10079,205811,37580
"fantasy_all","A* rp + pruning ",1,true,9,20163,405980,75494
"fantasy_all","A* rp + pruning ",2,true,9,19818,398661,77554
"fantasy_all","A* rp + pruning ",3,true,9,20142,410707,80193
"fantasy_all","A* rp + pruning ",4,true,9,20081,405101,80581
"fantasy_all","A* rp + pruning ",5,true,9,21617,431899,126636
"fantasy_all","A* rp + pruning ",6,true,9,20517,412069,133227
"fantasy_all","A* rp + pruning ",7,true,9,20227,407595,127431
"fantasy_all","A* rp + pruning ",8,true,9,19259,388442,121587
"fantasy_all","A* rp + pruning ",9,true,9,19891,402122,113350
"fantasy_all","A* rp + pruning ",10,true,9,20483,411831,86995
"fantasy_all","EFS h+",1,false,,1000000,9927834,2100960
"fantasy_all","EFS h+",2,false,,1000000,9927834,2112106
"fantasy_all","EFS h+",3,false,,1000000,9927834,2040058
"fantasy_all","EFS h+",4,false,,1000000,9927834,2095933
"fantasy_all","EFS h+",5,false,,1000000,9927863,2114366
"fantasy_all","EFS h+",6,false,,1000000,9927010,2101591
"fantasy_all","EFS h+",7,false,,1000000,9927834,2056911
"fantasy_all","EFS h+",8,false,,1000000,9927834,2048626
"fantasy_all","EFS h+",9,false,,1000000,9927010,1907324
"fantasy_all","EFS h+",10,false,,1000000,9927010,1978076
"fantasy_all","EFS h_max",1,true,9,690346,10035292,1170315
"fantasy_all","EFS h_max",2,true,9,690346,10035292,1168285
"fantasy_all","EFS h_max",3,true,9,690346,10035292,1146745
"fantasy_all","EFS h_max",4,true,9,690346,10035292,1148109
"fantasy_all","EFS h_max",5,true,9,690356,10035400,1147434
"fantasy_all","EFS h_max",6,true,9,690353,10035329,1156764
"fantasy_all","EFS h_max",7,true,9,690346,10035292,1170448
"fantasy_all","EFS h_max",8,true,9,690346,10035292,1135335
"fantasy_all","EFS h_max",9,true,9,690353,10035329,1130098
"fantasy_all","EFS h_max",10,true,9,690353,10035329,1122246
"fantasy_all","EFS rp",1,false,,1000000,9744741,1474074
"fantasy_all","EFS rp",2,false,,1000000,9457790,1332050
"fantasy_all","EFS rp",3,false,,1000000,9472591,1346303
"fantasy_all","EFS rp",4,false,,1000000,9469913,1357697
"fantasy_all","EFS rp",5,false,,1000000,9457988,1363671
"fantasy_all","EFS rp",6,false,,1000000,9464530,1362264
"fantasy_all","EFS rp",7,false,,1000000,9460799,1381764
"fantasy_all","EFS rp",8,false,,1000000,9471089,1202448
"fantasy_all","EFS rp",9,false,,1000000,9476046,1271113
"fantasy_all","EFS rp",10,false,,1000000,9464431,1287264
"fantasy_all","EFS h+ + pruning ",1,true,9,14153,215273,23726
"fantasy_all","EFS h+ + pruning ",2,true,9,14153,215273,23893
"fantasy_all","EFS h+ + pruning ",3,true,9,14153,215273,23488
"fantasy_all","EFS h+ + pruning ",4,true,9,14153,215273,24606
"fantasy_all","EFS h+ + pruning ",5,true,9,14153,215128,23913
"fantasy_all","EFS h+ + pruning ",6,true,9,14153,215273,23343
"fantasy_all","EFS h+ + pruning ",7,true,9,14153,215273,23279
"fantasy_all","EFS h+ + pruning ",8,true,9,14153,215273,23247
"fantasy_all","EFS h+ + pruning ",9,true,9,14153,215273,24485
"fantasy_all","EFS h+ + pruning ",10,true,9,14153,215273,28042
"fantasy_all","EFS h_max + pruning ",1,true,9,4522,97993,16889
"fantasy_all","EFS h_max + pruning ",2,true,9,4522,97993,17766
"fantasy_all","EFS h_max + pruning ",3,true,9,4522,97993,17593
"fantasy_all","EFS h_max + pruning ",4,true,9,4522,97993,19249
"fantasy_all","EFS h_max + pruning ",5,true,9,4522,97988,19822
"fantasy_all","EFS h_max + pruning ",6,true,9,4522,97993,19857
"fantasy_all","EFS h_max + pruning ",7,true,9,4522,97993,19984
"fantasy_all","EFS h_max + pruning ",8,true,9,4522,97993,20005
"fantasy_all","EFS h_max + pruning ",9,true,9,4522,97993,18703
"fantasy_all","EFS h_max + pruning ",10,true,9,4522,97993,18148
"fantasy_all","EFS rp + pruning ",1,true,9,16172,254058,242651
"fantasy_all","EFS rp + pruning ",2,true,9,16296,257139,51119
"fantasy_all","EFS rp + pruning ",3,true,9,16331,256898,49885
"fantasy_all","EFS rp + pruning ",4,true,9,16320,256830,51936
"fantasy_all","EFS rp + pruning ",5,true,9,16684,264123,57304
"fantasy_all","EFS rp + pruning ",6,true,9,16476,260904,56659
"fantasy_all","EFS rp + pruning ",7,true,9,16296,257139,-144491
"fantasy_all","EFS rp + pruning ",8,true,9,16076,252447,46946
"fantasy_all","EFS rp + pruning ",9,true,9,16350,256877,47829
"fantasy_all","EFS rp + pruning ",10,true,9,16565,262457,42481
"fantasy_all","GFS h+",1,false,,1000000,14508844,1616166
"fantasy_all","GFS h+",2,false,,1000000,14508846,1475589
"fantasy_all","GFS h+",3,false,,1000000,14508846,1417891
"fantasy_all","GFS h+",4,false,,1000000,14508846,1411785
"fantasy_all","GFS h+",5,false,,1000000,14508306,1460633
"fantasy_all","GFS h+",6,false,,1000000,14509018,1437417
"fantasy_all","GFS h+",7,false,,1000000,14508846,1451250
"fantasy_all","GFS h+",8,false,,1000000,14508846,1412357
"fantasy_all","GFS h+",9,false,,1000000,14509018,1196416
"fantasy_all","GFS h+",10,false,,1000000,14509018,1420172
"fantasy_all","GFS h_max",1,false,,1000000,14965786,1258299
"fantasy_all","GFS h_max",2,false,,1000000,14965786,1283156
"fantasy_all","GFS h_max",3,false,,1000000,14965786,1288521
"fantasy_all","GFS h_max",4,false,,1000000,14965786,1301136
"fantasy_all","GFS h_max",5,false,,1000000,14965796,1296331
"fantasy_all","GFS h_max",6,false,,1000000,14965783,1317201
"fantasy_all","GFS h_max",7,false,,1000000,14965786,1256513
"fantasy_all","GFS h_max",8,false,,1000000,14965786,1267773
"fantasy_all","GFS h_max",9,false,,1000000,14965783,1255648
"fantasy_all","GFS h_max",10,false,,1000000,14965783,1263906
"fantasy_all","GFS rp",1,false,,1000000,14528994,1319473
"fantasy_all","GFS rp",2,false,,1000000,14530261,1335683
"fantasy_all","GFS rp",3,false,,1000000,14490127,1356068
"fantasy_all","GFS rp",4,false,,1000000,14525438,1338201
"fantasy_all","GFS rp",5,false,,1000000,14515663,1378676
"fantasy_all","GFS rp",6,false,,1000000,14495787,1429695
"fantasy_all","GFS rp",7,false,,1000000,14528481,1347340
"fantasy_all","GFS rp",8,false,,1000000,14491177,1343524
"fantasy_all","GFS rp",9,false,,1000000,14494332,1403013
"fantasy_all","GFS rp",10,false,,1000000,14533383,1392340
"fantasy_all","GFS h+ + pruning ",1,true,9,12078,252551,55281
"fantasy_all","GFS h+ + pruning ",2,true,9,12078,252551,56451
"fantasy_all","GFS h+ + pruning ",3,true,9,12078,252551,57723
"fantasy_all","GFS h+ + pruning ",4,true,9,12078,252551,57895
"fantasy_all","GFS h+ + pruning ",5,true,9,12392,253122,57550
"fantasy_all","GFS h+ + pruning ",6,true,9,12078,252551,57174
"fantasy_all","GFS h+ + pruning ",7,true,9,12078,252551,58018
"fantasy_all","GFS h+ + pruning ",8,true,9,12078,252551,57523
"fantasy_all","GFS h+ + pruning ",9,true,9,12078,252551,56044
"fantasy_all","GFS h+ + pruning ",10,true,9,12078,252551,56271
"fantasy_all","GFS h_max + pruning ",1,true,9,8547,187980,39167
"fantasy_all","GFS h_max + pruning ",2,true,9,8547,187980,39632
"fantasy_all","GFS h_max + pruning ",3,true,9,8547,187980,38236
"fantasy_all","GFS h_max + pruning ",4,true,9,8547,187980,39306
"fantasy_all","GFS h_max + pruning ",5,true,9,8550,187972,38045
"fantasy_all","GFS h_max + pruning ",6,true,9,8547,187980,38973
"fantasy_all","GFS h_max + pruning ",7,true,9,8547,187980,39042
"fantasy_all","GFS h_max + pruning ",8,true,9,8547,187980,39398
"fantasy_all","GFS h_max + pruning ",9,true,9,8547,187980,41780
"fantasy_all","GFS h_max + pruning ",10,true,9,8547,187980,43264
"fantasy_all","GFS rp + pruning ",1,true,9,14251,319604,-88054
"fantasy_all","GFS rp + pruning ",2,true,9,13903,312620,117322
"fantasy_all","GFS rp + pruning ",3,true,9,14563,324869,128862
"fantasy_all","GFS rp + pruning ",4,true,9,14296,318687,127919
"fantasy_all","GFS rp + pruning ",5,true,9,15703,341836,155955
"fantasy_all","GFS rp + pruning ",6,true,9,14467,325199,155849
"fantasy_all","GFS rp + pruning ",7,true,9,14353,320625,146597
"fantasy_all","GFS rp + pruning ",8,true,9,13407,304781,139527
"fantasy_all","GFS rp + pruning ",9,true,9,14268,317783,135071
"fantasy_all","GFS rp + pruning ",10,true,9,14521,325208,137867
"space_two","BFS",1,true,3,20,214,3
"space_two","BFS",2,true,3,20,214,4
"space_two","BFS",3,true,3,20,214,4
"space_two","BFS",4,true,3,19,213,3
"space_two","BFS",5,true,3,19,213,3
"space_two","BFS",6,true,3,19,213,3
"space_two","BFS",7,true,3,19,213,4
"space_two","BFS",8,true,3,19,213,4
"space_two","BFS",9,true,3,19,213,4
"space_two","BFS",10,true,3,19,213,4
"space_two","BFS prune",1,true,3,16,207,9
"space_two","BFS prune",2,true,3,16,207,9
"space_two","BFS prune",3,true,3,16,207,10
"space_two","BFS prune",4,true,3,16,207,10
"space_two","BFS prune",5,true,3,16,207,10
"space_two","BFS prune",6,true,3,16,207,9
"space_two","BFS prune",7,true,3,16,207,9
"space_two","BFS prune",8,true,3,16,207,8
"space_two","BFS prune",9,true,3,16,207,7
"space_two","BFS prune",10,true,3,16,207,10
"space_two","A* h+",1,true,3,27,282,12
"space_two","A* h+",2,true,3,27,282,11
"space_two","A* h+",3,true,3,27,282,12
"space_two","A* h+",4,true,3,27,282,12
"space_two","A* h+",5,true,3,27,282,10
"space_two","A* h+",6,true,3,27,282,11
"space_two","A* h+",7,true,3,27,282,12
"space_two","A* h+",8,true,3,27,282,12
"space_two","A* h+",9,true,3,27,282,9
"space_two","A* h+",10,true,3,27,282,12
"space_two","A* h_max",1,true,3,27,281,8
"space_two","A* h_max",2,true,3,27,281,12
"space_two","A* h_max",3,true,3,27,281,9
"space_two","A* h_max",4,true,3,27,281,12
"space_two","A* h_max",5,true,3,27,281,11
"space_two","A* h_max",6,true,3,27,281,8
"space_two","A* h_max",7,true,3,27,281,11
"space_two","A* h_max",8,true,3,27,281,8
"space_two","A* h_max",9,true,3,27,281,12
"space_two","A* h_max",10,true,3,27,281,8
"space_two","A* rp",1,true,3,30,351,11
"space_two","A* rp",2,true,3,13,82,5
"space_two","A* rp",3,true,3,30,351,11
"space_two","A* rp",4,true,3,30,351,11
"space_two","A* rp",5,true,3,28,321,12
"space_two","A* rp",6,true,3,13,82,5
"space_two","A* rp",7,true,3,13,82,5
"space_two","A* rp",8,true,3,28,321,11
"space_two","A* rp",9,true,3,28,321,10
"space_two","A* rp",10,true,3,30,351,11
"space_two","A* h+ + pruning ",1,true,3,27,295,22
"space_two","A* h+ + pruning ",2,true,3,27,295,17
"space_two","A* h+ + pruning ",3,true,3,27,295,23
"space_two","A* h+ + pruning ",4,true,3,27,295,19
"space_two","A* h+ + pruning ",5,true,3,27,295,20
"space_two","A* h+ + pruning ",6,true,3,27,295,19
"space_two","A* h+ + pruning ",7,true,3,27,295,35
"space_two","A* h+ + pruning ",8,true,3,27,295,19
"space_two","A* h+ + pruning ",9,true,3,27,295,22
"space_two","A* h+ + pruning ",10,true,3,27,295,23
"space_two","A* h_max + pruning ",1,true,3,27,294,23
"space_two","A* h_max + pruning ",2,true,3,27,294,16
"space_two","A* h_max + pruning ",3,true,3,27,294,21
"space_two","A* h_max + pruning ",4,true,3,27,294,21
"space_two","A* h_max + pruning ",5,true,3,27,294,19
"space_two","A* h_max + pruning ",6,true,3,27,294,19
"space_two","A* h_max + pruning ",7,true,3,27,294,16
"space_two","A* h_max + pruning ",8,true,3,27,294,22
"space_two","A* h_max + pruning ",9,true,3,27,294,20
"space_two","A* h_max + pruning ",10,true,3,27,294,23
"space_two","A* rp + pruning ",1,true,3,23,348,16
"space_two","A* rp + pruning ",2,true,3,11,81,7
"space_two","A* rp + pruning ",3,true,3,23,348,16
"space_two","A* rp + pruning ",4,true,3,23,348,23
"space_two","A* rp + pruning ",5,true,3,21,318,18
"space_two","A* rp + pruning ",6,true,3,11,81,8
"space_two","A* rp + pruning ",7,true,3,11,81,6
"space_two","A* rp + pruning ",8,true,3,21,318,18
"space_two","A* rp + pruning ",9,true,3,21,318,16
"space_two","A* rp + pruning ",10,true,3,23,348,20
"space_two","EFS h+",1,true,3,8,56,3
"space_two","EFS h+",2,true,3,8,56,3
"space_two","EFS h+",3,true,3,8,56,2
"space_two","EFS h+",4,true,3,8,56,3
"space_two","EFS h+",5,true,3,8,56,3
"space_two","EFS h+",6,true,3,8,56,2
"space_two","EFS h+",7,true,3,8,56,3
"space_two","EFS h+",8,true,3,8,56,3
"space_two","EFS h+",9,true,3,8,56,3
"space_two","EFS h+",10,true,3,8,56,2
"space_two","EFS h_max",1,true,3,6,51,2
"space_two","EFS h_max",2,true,3,6,51,2
"space_two","EFS h_max",3,true,3,6,51,2
"space_two","EFS h_max",4,true,3,6,51,2
"space_two","EFS h_max",5,true,3,6,51,2
"space_two","EFS h_max",6,true,3,6,51,3
"space_two","EFS h_max",7,true,3,6,51,2
"space_two","EFS h_max",8,true,3,6,51,2
"space_two","EFS h_max",9,true,3,6,51,3
"space_two","EFS h_max",10,true,3,6,51,2
"space_two","EFS rp",1,true,3,8,56,3
"space_two","EFS rp",2,true,3,13,84,4
"space_two","EFS rp",3,true,3,8,56,2
"space_two","EFS rp",4,true,3,8,56,3
"space_two","EFS rp",5,true,3,8,56,3
"space_two","EFS rp",6,true,3,13,84,5
"space_two","EFS rp",7,true,3,13,84,5
"space_two","EFS rp",8,true,3,8,56,3
"space_two","EFS rp",9,true,3,8,56,3
"space_two","EFS rp",10,true,3,8,56,2
"space_two","EFS h+ + pruning ",1,true,3,6,56,3
"space_two","EFS h+ + pruning ",2,true,3,6,56,3
"space_two","EFS h+ + pruning ",3,true,3,6,56,3
"space_two","EFS h+ + pruning ",4,true,3,6,56,4
"space_two","EFS h+ + pruning ",5,true,3,6,56,4
"space_two","EFS h+ + pruning ",6,true,3,6,56,4
"space_two","EFS h+ + pruning ",7,true,3,6,56,3
"space_two","EFS h+ + pruning ",8,true,3,6,56,4
"space_two","EFS h+ + pruning ",9,true,3,6,56,4
"space_two","EFS h+ + pruning ",10,true,3,6,56,3
"space_two","EFS h_max + pruning ",1,true,3,6,54,3
"space_two","EFS h_max + pruning ",2,true,3,6,54,3
"space_two","EFS h_max + pruning ",3,true,3,6,54,3
"space_two","EFS h_max + pruning ",4,true,3,6,54,3
"space_two","EFS h_max + pruning ",5,true,3,6,54,3
"space_two","EFS h_max + pruning ",6,true,3,6,54,4
"space_two","EFS h_max + pruning ",7,true,3,6,54,2
"space_two","EFS h_max + pruning ",8,true,3,6,54,3
"space_two","EFS h_max + pruning ",9,true,3,6,54,3
"space_two","EFS h_max + pruning ",10,true,3,6,54,3
"space_two","EFS rp + pruning ",1,true,3,6,56,3
"space_two","EFS rp + pruning ",2,true,3,8,79,4
"space_two","EFS rp + pruning ",3,true,3,6,56,4
"space_two","EFS rp + pruning ",4,true,3,6,56,3
"space_two","EFS rp + pruning ",5,true,3,6,56,4
"space_two","EFS rp + pruning ",6,true,3,8,79,7
"space_two","EFS rp + pruning ",7,true,3,8,79,6
"space_two","EFS rp + pruning ",8,true,3,6,56,3
"space_two","EFS rp + pruning ",9,true,3,6,56,5
"space_two","EFS rp + pruning ",10,true,3,6,56,3
"space_two","GFS h+",1,true,3,7,50,3
"space_two","GFS h+",2,true,3,7,50,3
"space_two","GFS h+",3,true,3,7,50,2
"space_two","GFS h+",4,true,3,7,50,2
"space_two","GFS h+",5,true,3,7,50,3
"space_two","GFS h+",6,true,3,7,50,2
"space_two","GFS h+",7,true,3,7,50,2
"space_two","GFS h+",8,true,3,7,50,2
"space_two","GFS h+",9,true,3,7,50,3
"space_two","GFS h+",10,true,3,7,50,3
"space_two","GFS h_max",1,true,3,7,50,2
"space_two","GFS h_max",2,true,3,7,50,2
"space_two","GFS h_max",3,true,3,7,50,4
"space_two","GFS h_max",4,true,3,7,50,3
"space_two","GFS h_max",5,true,3,7,50,2
"space_two","GFS h_max",6,true,3,7,50,2
"space_two","GFS h_max",7,true,3,7,50,2
"space_two","GFS h_max",8,true,3,7,50,2
"space_two","GFS h_max",9,true,3,7,50,2
"space_two","GFS h_max",10,true,3,7,50,2
"space_two","GFS rp",1,true,3,25,135,13
"space_two","GFS rp",2,true,3,6,54,4
"space_two","GFS rp",3,true,3,25,135,6
"space_two","GFS rp",4,true,3,25,135,6
"space_two","GFS rp",5,true,3,25,135,7
"space_two","GFS rp",6,true,3,6,54,3
"space_two","GFS rp",7,true,3,6,54,4
"space_two","GFS rp",8,true,3,25,135,6
"space_two","GFS rp",9,true,3,25,135,6
"space_two","GFS rp",10,true,3,25,135,4
"space_two","GFS h+ + pruning ",1,true,3,7,54,3
"space_two","GFS h+ + pruning ",2,true,3,7,54,4
"space_two","GFS h+ + pruning ",3,true,3,7,54,3
"space_two","GFS h+ + pruning ",4,true,3,7,54,3
"space_two","GFS h+ + pruning ",5,true,3,7,54,3
"space_two","GFS h+ + pruning ",6,true,3,7,54,2
"space_two","GFS h+ + pruning ",7,true,3,7,54,3
"space_two","GFS h+ + pruning ",8,true,3,7,54,4
"space_two","GFS h+ + pruning ",9,true,3,7,54,3
"space_two","GFS h+ + pruning ",10,true,3,7,54,3
"space_two","GFS h_max + pruning ",1,true,3,7,54,4
"space_two","GFS h_max + pruning ",2,true,3,7,54,4
"space_two","GFS h_max + pruning ",3,true,3,7,54,3
"space_two","GFS h_max + pruning ",4,true,3,7,54,3
"space_two","GFS h_max + pruning ",5,true,3,7,54,3
"space_two","GFS h_max + pruning ",6,true,3,7,54,4
"space_two","GFS h_max + pruning ",7,true,3,7,54,3
"space_two","GFS h_max + pruning ",8,true,3,7,54,3
"space_two","GFS h_max + pruning ",9,true,3,7,54,3
"space_two","GFS h_max + pruning ",10,true,3,7,54,3
"space_two","GFS rp + pruning ",1,true,3,19,133,12
"space_two","GFS rp + pruning ",2,true,3,6,56,5
"space_two","GFS rp + pruning ",3,true,3,19,133,12
"space_two","GFS rp + pruning ",4,true,3,19,133,11
"space_two","GFS rp + pruning ",5,true,3,19,133,14
"space_two","GFS rp + pruning ",6,true,3,6,56,5
"space_two","GFS rp + pruning ",7,true,3,6,56,5
"space_two","GFS rp + pruning ",8,true,3,19,133,11
"space_two","GFS rp + pruning ",9,true,3,19,133,10
"space_two","GFS rp + pruning ",10,true,3,19,133,10
"space_all","BFS",1,true,6,923,13262,226
"space_all","BFS",2,true,6,923,13262,201
"space_all","BFS",3,true,6,891,12764,194
"space_all","BFS",4,true,6,890,12764,214
"space_all","BFS",5,true,6,890,12764,229
"space_all","BFS",6,true,6,890,12764,193
"space_all","BFS",7,true,6,890,12764,206
"space_all","BFS",8,true,6,922,13262,214
"space_all","BFS",9,true,6,890,12764,209
"space_all","BFS",10,true,6,890,12764,207
"space_all","BFS prune",1,true,6,475,5821,497
"space_all","BFS prune",2,true,6,475,5821,488
"space_all","BFS prune",3,true,6,453,5458,-28
"space_all","BFS prune",4,true,6,453,5458,-57
"space_all","BFS prune",5,true,6,453,5458,454
"space_all","BFS prune",6,true,6,453,5458,430
"space_all","BFS prune",7,true,6,453,5458,447
"space_all","BFS prune",8,true,6,475,5821,500
"space_all","BFS prune",9,true,6,453,5458,446
"space_all","BFS prune",10,true,6,453,5458,451
"space_all","A* h+",1,true,6,936,9501,291
"space_all","A* h+",2,true,6,936,9501,300
"space_all","A* h+",3,true,6,936,9501,316
"space_all","A* h+",4,true,6,934,9491,276
"space_all","A* h+",5,true,6,934,9491,320
"space_all","A* h+",6,true,6,934,9491,300
"space_all","A* h+",7,true,6,934,9491,305
"space_all","A* h+",8,true,6,934,9491,285
"space_all","A* h+",9,true,6,934,9491,309
"space_all","A* h+",10,true,6,934,9491,254
"space_all","A* h_max",1,true,6,918,9300,307
"space_all","A* h_max",2,true,6,918,9300,307
"space_all","A* h_max",3,true,6,918,9300,289
"space_all","A* h_max",4,true,6,916,9290,283
"space_all","A* h_max",5,true,6,916,9290,-209
"space_all","A* h_max",6,true,6,916,9290,311
"space_all","A* h_max",7,true,6,916,9290,321
"space_all","A* h_max",8,true,6,916,9290,278
"space_all","A* h_max",9,true,6,916,9290,305
"space_all","A* h_max",10,true,6,916,9290,266
"space_all","A* rp",1,true,6,3974,33782,1109
"space_all","A* rp",2,true,6,4397,39687,1195
"space_all","A* rp",3,true,6,3974,33782,1044
"space_all","A* rp",4,true,6,3968,33653,1080
"space_all","A* rp",5,true,6,3778,32671,1036
"space_all","A* rp",6,true,6,4173,38347,1216
"space_all","A* rp",7,true,6,4169,38211,700
"space_all","A* rp",8,true,6,3770,32415,473
"space_all","A* rp",9,true,6,3774,32551,1105
"space_all","A* rp",10,true,6,3972,33773,1071
"space_all","A* h+ + pruning ",1,true,6,590,6019,564
"space_all","A* h+ + pruning ",2,true,6,590,6019,583
"space_all","A* h+ + pruning ",3,true,6,590,6019,604
"space_all","A* h+ + pruning ",4,true,6,590,6019,600
"space_all","A* h+ + pruning ",5,true,6,590,6019,579
"space_all","A* h+ + pruning ",6,true,6,590,6019,586
"space_all","A* h+ + pruning ",7,true,6,590,6019,574
"space_all","A* h+ + pruning ",8,true,6,590,6019,552
"space_all","A* h+ + pruning ",9,true,6,590,6019,148
"space_all","A* h+ + pruning ",10,true,6,590,6019,99
"space_all","A* h_max + pruning ",1,true,6,583,5917,577
"space_all","A* h_max + pruning ",2,true,6,583,5917,581
"space_all","A* h_max + pruning ",3,true,6,583,5917,581
"space_all","A* h_max + pruning ",4,true,6,583,5917,572
"space_all","A* h_max + pruning ",5,true,6,583,5917,547
"space_all","A* h_max + pruning ",6,true,6,583,5917,617
"space_all","A* h_max + pruning ",7,true,6,583,5917,594
"space_all","A* h_max + pruning ",8,true,6,583,5917,567
"space_all","A* h_max + pruning ",9,true,6,583,5917,549
"space_all","A* h_max + pruning ",10,true,6,583,5917,602
"space_all","A* rp + pruning ",1,true,6,827,7211,776
"space_all","A* rp + pruning ",2,true,6,916,8136,853
"space_all","A* rp + pruning ",3,true,6,827,7211,312
"space_all","A* rp + pruning ",4,true,6,823,7052,291
"space_all","A* rp + pruning ",5,true,6,857,7518,853
"space_all","A* rp + pruning ",6,true,6,921,8229,858
"space_all","A* rp + pruning ",7,true,6,917,8045,796
"space_all","A* rp + pruning ",8,true,6,837,6980,768
"space_all","A* rp + pruning ",9,true,6,847,7284,803
"space_all","A* rp + pruning ",10,true,6,827,7212,791
"space_all","EFS h+",1,true,6,1154,6464,210
"space_all","EFS h+",2,true,6,1154,6464,190
"space_all","EFS h+",3,true,6,1154,6464,186
"space_all","EFS h+",4,true,6,1152,6454,175
"space_all","EFS h+",5,true,6,1152,6454,183
"space_all","EFS h+",6,true,6,1152,6454,188
"space_all","EFS h+",7,true,6,1152,6454,199
"space_all","EFS h+",8,true,6,1152,6454,214
"space_all","EFS h+",9,true,6,1152,6454,205
"space_all","EFS h+",10,true,6,1152,6454,191
"space_all","EFS h_max",1,true,6,763,5687,193
"space_all","EFS h_max",2,true,6,763,5687,194
"space_all","EFS h_max",3,true,6,763,5687,183
"space_all","EFS h_max",4,true,6,761,5677,190
"space_all","EFS h_max",5,true,6,761,5677,177
"space_all","EFS h_max",6,true,6,761,5677,-320
"space_all","EFS h_max",7,true,6,761,5677,181
"space_all","EFS h_max",8,true,6,761,5677,176
"space_all","EFS h_max",9,true,6,761,5677,183
"space_all","EFS h_max",10,true,6,761,5677,189
"space_all","EFS rp",1,true,6,1026,5736,170
"space_all","EFS rp",2,true,6,1026,5738,150
"space_all","EFS rp",3,true,6,1026,5736,151
"space_all","EFS rp",4,true,6,1024,5727,170
"space_all","EFS rp",5,true,6,1024,5727,187
"space_all","EFS rp",6,true,6,1024,5729,194
"space_all","EFS rp",7,true,6,1024,5729,170
"space_all","EFS rp",8,true,6,1024,5727,181
"space_all","EFS rp",9,true,6,1024,5727,190
"space_all","EFS rp",10,true,6,1024,5727,159
"space_all","EFS h+ + pruning ",1,true,6,273,1803,140
"space_all","EFS h+ + pruning ",2,true,6,273,1803,150
"space_all","EFS h+ + pruning ",3,true,6,273,1803,146
"space_all","EFS h+ + pruning ",4,true,6,273,1803,163
"space_all","EFS h+ + pruning ",5,true,6,273,1803,170
"space_all","EFS h+ + pruning ",6,true,6,273,1803,160
"space_all","EFS h+ + pruning ",7,true,6,273,1803,157
"space_all","EFS h+ + pruning ",8,true,6,273,1803,160
"space_all","EFS h+ + pruning ",9,true,6,273,1803,160
"space_all","EFS h+ + pruning ",10,true,6,273,1803,161
"space_all","EFS h_max + pruning ",1,true,6,167,1668,151
"space_all","EFS h_max + pruning ",2,true,6,167,1668,178
"space_all","EFS h_max + pruning ",3,true,6,167,1668,165
"space_all","EFS h_max + pruning ",4,true,6,167,1668,137
"space_all","EFS h_max + pruning ",5,true,6,167,1668,134
"space_all","EFS h_max + pruning ",6,true,6,167,1668,151
"space_all","EFS h_max + pruning ",7,true,6,167,1668,140
"space_all","EFS h_max + pruning ",8,true,6,167,1668,147
"space_all","EFS h_max + pruning ",9,true,6,167,1668,156
"space_all","EFS h_max + pruning ",10,true,6,167,1668,145
"space_all","EFS rp + pruning ",1,true,6,171,1114,66
"space_all","EFS rp + pruning ",2,true,6,171,1114,78
"space_all","EFS rp + pruning ",3,true,6,171,1114,74
"space_all","EFS rp + pruning ",4,true,6,171,1115,81
"space_all","EFS rp + pruning ",5,true,6,171,1115,83
"space_all","EFS rp + pruning ",6,true,6,171,1115,78
"space_all","EFS rp + pruning ",7,true,6,171,1115,81
"space_all","EFS rp + pruning ",8,true,6,171,1115,79
"space_all","EFS rp + pruning ",9,true,6,171,1115,69
"space_all","EFS rp + pruning ",10,true,6,171,1115,74
"space_all","GFS h+",1,true,6,1388,8001,253
"space_all","GFS h+",2,true,6,1388,8001,239
"space_all","GFS h+",3,true,6,1388,8001,242
"space_all","GFS h+",4,true,6,1384,7979,242
"space_all","GFS h+",5,true,6,1384,7979,243
"space_all","GFS h+",6,true,6,1384,7979,274
"space_all","GFS h+",7,true,6,1384,7979,-250
"space_all","GFS h+",8,true,6,1384,7979,234
"space_all","GFS h+",9,true,6,1384,7979,232
"space_all","GFS h+",10,true,6,1384,7979,237
"space_all","GFS h_max",1,true,6,1052,7901,220
"space_all","GFS h_max",2,true,6,1052,7901,226
"space_all","GFS h_max",3,true,6,1052,7901,234
"space_all","GFS h_max",4,true,6,1048,7879,249
"space_all","GFS h_max",5,true,6,1048,7879,248
"space_all","GFS h_max",6,true,6,1048,7879,275
"space_all","GFS h_max",7,true,6,1048,7879,245
"space_all","GFS h_max",8,true,6,1048,7879,224
"space_all","GFS h_max",9,true,6,1048,7879,243
"space_all","GFS h_max",10,true,6,1048,7879,249
"space_all","GFS rp",1,true,6,1338,10758,398
"space_all","GFS rp",2,true,6,1368,10466,411
"space_all","GFS rp",3,true,6,1275,10461,433
"space_all","GFS rp",4,true,6,1317,10567,387
"space_all","GFS rp",5,true,6,1273,10451,401
"space_all","GFS rp",6,true,6,1383,10618,439
"space_all","GFS rp",7,true,6,1379,10558,444
"space_all","GFS rp",8,true,6,1308,10341,403
"space_all","GFS rp",9,true,6,1137,9674,350
"space_all","GFS rp",10,true,6,1209,10133,352
"space_all","GFS h+ + pruning ",1,true,6,800,6054,750
"space_all","GFS h+ + pruning ",2,true,6,800,6054,752
"space_all","GFS h+ + pruning ",3,true,6,800,6054,769
"space_all","GFS h+ + pruning ",4,true,6,800,6053,733
"space_all","GFS h+ + pruning ",5,true,6,800,6053,715
"space_all","GFS h+ + pruning ",6,true,6,800,6053,720
"space_all","GFS h+ + pruning ",7,true,6,800,6053,237
"space_all","GFS h+ + pruning ",8,true,6,800,6053,254
"space_all","GFS h+ + pruning ",9,true,6,800,6053,767
"space_all","GFS h+ + pruning ",10,true,6,800,6053,756
"space_all","GFS h_max + pruning ",1,true,6,681,5972,723
"space_all","GFS h_max + pruning ",2,true,6,681,5972,703
"space_all","GFS h_max + pruning ",3,true,6,681,5972,683
"space_all","GFS h_max + pruning ",4,true,6,681,5971,737
"space_all","GFS h_max + pruning ",5,true,6,681,5971,725
"space_all","GFS h_max + pruning ",6,true,6,681,5971,752
"space_all","GFS h_max + pruning ",7,true,6,681,5971,741
"space_all","GFS h_max + pruning ",8,true,6,681,5971,735
"space_all","GFS h_max + pruning ",9,true,6,681,5971,742
"space_all","GFS h_max + pruning ",10,true,6,681,5971,767
"space_all","GFS rp + pruning ",1,true,6,646,6513,1019
"space_all","GFS rp + pruning ",2,true,6,652,6108,926
"space_all","GFS rp + pruning ",3,true,6,634,6378,967
"space_all","GFS rp + pruning ",4,true,6,632,6309,976
"space_all","GFS rp + pruning ",5,true,6,634,6380,986
"space_all","GFS rp + pruning ",6,true,6,656,6219,953
"space_all","GFS rp + pruning ",7,true,6,652,6103,876
"space_all","GFS rp + pruning ",8,true,6,618,6021,900
"space_all","GFS rp + pruning ",9,true,6,598,5858,882
"space_all","GFS rp + pruning ",10,true,6,624,6199,907
"raiders","BFS",1,true,6,728,5367,85
"raiders","BFS",2,true,6,1008,8688,150
"raiders","BFS",3,true,6,704,5107,81
"raiders","BFS",4,true,6,704,5107,85
"raiders","BFS",5,true,6,734,5432,80
"raiders","BFS",6,true,6,840,6665,107
"raiders","BFS",7,true,6,728,5367,86
"raiders","BFS",8,true,6,1002,8599,142
"raiders","BFS",9,true,6,734,5432,86
"raiders","BFS",10,true,6,840,6665,95
"raiders","BFS prune",1,true,6,205,1927,210
"raiders","BFS prune",2,true,6,232,2229,298
"raiders","BFS prune",3,true,6,194,1828,212
"raiders","BFS prune",4,true,6,194,1828,207
"raiders","BFS prune",5,true,6,209,1969,235
"raiders","BFS prune",6,true,6,204,1935,-286
"raiders","BFS prune",7,true,6,205,1927,-192975
"raiders","BFS prune",8,true,6,229,2181,292
"raiders","BFS prune",9,true,6,209,1969,240
"raiders","BFS prune",10,true,6,204,1935,223
"raiders","A* h+",1,true,6,396,3532,126
"raiders","A* h+",2,true,6,393,3553,121
"raiders","A* h+",3,true,6,406,3635,118
"raiders","A* h+",4,true,6,396,3530,119
"raiders","A* h+",5,true,6,406,3656,133
"raiders","A* h+",6,true,6,398,3594,124
"raiders","A* h+",7,true,6,396,3530,131
"raiders","A* h+",8,true,6,391,3468,129
"raiders","A* h+",9,true,6,406,3658,128
"raiders","A* h+",10,true,6,388,3489,125
"raiders","A* h_max",1,true,6,186,1991,70
"raiders","A* h_max",2,true,6,192,2040,74
"raiders","A* h_max",3,true,6,184,1984,72
"raiders","A* h_max",4,true,6,180,1956,61
"raiders","A* h_max",5,true,6,189,2010,64
"raiders","A* h_max",6,true,6,184,1984,62
"raiders","A* h_max",7,true,6,186,1991,81
"raiders","A* h_max",8,true,6,189,2019,74
"raiders","A* h_max",9,true,6,189,2010,70
"raiders","A* h_max",10,true,6,180,1956,68
"raiders","A* rp",1,true,6,444,3350,121
"raiders","A* rp",2,true,6,679,6068,193
"raiders","A* rp",3,true,6,452,3413,130
"raiders","A* rp",4,true,6,409,3117,115
"raiders","A* rp",5,true,6,597,5016,194
"raiders","A* rp",6,true,6,458,3497,130
"raiders","A* rp",7,true,6,423,3229,119
"raiders","A* rp",8,true,6,457,3642,151
"raiders","A* rp",9,true,6,430,3314,124
"raiders","A* rp",10,true,6,576,4843,187
"raiders","A* h+ + pruning ",1,true,6,176,1837,228
"raiders","A* h+ + pruning ",2,true,6,157,1683,191
"raiders","A* h+ + pruning ",3,true,6,160,1720,211
"raiders","A* h+ + pruning ",4,true,6,158,1691,216
"raiders","A* h+ + pruning ",5,true,6,176,1837,244
"raiders","A* h+ + pruning ",6,true,6,159,1712,223
"raiders","A* h+ + pruning ",7,true,6,176,1837,251
"raiders","A* h+ + pruning ",8,true,6,158,1691,223
"raiders","A* h+ + pruning ",9,true,6,176,1837,247
"raiders","A* h+ + pruning ",10,true,6,157,1683,210
"raiders","A* h_max + pruning ",1,true,6,109,1350,154
"raiders","A* h_max + pruning ",2,true,6,112,1389,175
"raiders","A* h_max + pruning ",3,true,6,107,1357,153
"raiders","A* h_max + pruning ",4,true,6,105,1329,150
"raiders","A* h_max + pruning ",5,true,6,111,1362,165
"raiders","A* h_max + pruning ",6,true,6,107,1357,149
"raiders","A* h_max + pruning ",7,true,6,109,1350,133
"raiders","A* h_max + pruning ",8,true,6,112,1389,153
"raiders","A* h_max + pruning ",9,true,6,111,1362,154
"raiders","A* h_max + pruning ",10,true,6,105,1329,138
"raiders","A* rp + pruning ",1,true,6,111,1074,123
"raiders","A* rp + pruning ",2,true,6,278,2898,311
"raiders","A* rp + pruning ",3,true,6,101,965,103
"raiders","A* rp + pruning ",4,true,6,97,919,91
"raiders","A* rp + pruning ",5,true,6,244,2455,268
"raiders","A* rp + pruning ",6,true,6,106,1045,114
"raiders","A* rp + pruning ",7,true,6,107,1010,108
"raiders","A* rp + pruning ",8,true,6,98,932,96
"raiders","A* rp + pruning ",9,true,6,114,1088,126
"raiders","A* rp + pruning ",10,true,6,232,2361,234
"raiders","EFS h+",1,true,6,88,675,24
"raiders","EFS h+",2,true,6,88,675,21
"raiders","EFS h+",3,true,6,88,675,25
"raiders","EFS h+",4,true,6,88,675,31
"raiders","EFS h+",5,true,6,88,675,24
"raiders","EFS h+",6,true,6,88,675,19
"raiders","EFS h+",7,true,6,88,675,24
"raiders","EFS h+",8,true,6,88,675,23
"raiders","EFS h+",9,true,6,88,675,20
"raiders","EFS h+",10,true,6,88,675,25
"raiders","EFS h_max",1,true,6,48,455,16
"raiders","EFS h_max",2,true,6,48,455,16
"raiders","EFS h_max",3,true,6,48,455,16
"raiders","EFS h_max",4,true,6,48,455,17
"raiders","EFS h_max",5,true,6,48,455,15
"raiders","EFS h_max",6,true,6,48,455,16
"raiders","EFS h_max",7,true,6,48,455,16
"raiders","EFS h_max",8,true,6,48,455,17
"raiders","EFS h_max",9,true,6,48,455,13
"raiders","EFS h_max",10,true,6,48,455,17
"raiders","EFS rp",1,true,6,90,675,28
"raiders","EFS rp",2,true,6,112,919,39
"raiders","EFS rp",3,true,6,90,675,27
"raiders","EFS rp",4,true,6,90,675,22
"raiders","EFS rp",5,true,6,112,919,26
"raiders","EFS rp",6,true,6,90,675,25
"raiders","EFS rp",7,true,6,90,675,20
"raiders","EFS rp",8,true,6,90,675,25
"raiders","EFS rp",9,true,6,90,675,21
"raiders","EFS rp",10,true,6,112,919,34
"raiders","EFS h+ + pruning ",1,true,6,33,334,26
"raiders","EFS h+ + pruning ",2,true,6,33,334,27
"raiders","EFS h+ + pruning ",3,true,6,33,334,29
"raiders","EFS h+ + pruning ",4,true,6,33,334,26
"raiders","EFS h+ + pruning ",5,true,6,33,334,28
"raiders","EFS h+ + pruning ",6,true,6,33,334,32
"raiders","EFS h+ + pruning ",7,true,6,33,334,25
"raiders","EFS h+ + pruning ",8,true,6,33,334,29
"raiders","EFS h+ + pruning ",9,true,6,33,334,27
"raiders","EFS h+ + pruning ",10,true,6,33,334,30
"raiders","EFS h_max + pruning ",1,true,6,25,271,25
"raiders","EFS h_max + pruning ",2,true,6,25,271,23
"raiders","EFS h_max + pruning ",3,true,6,25,271,21
"raiders","EFS h_max + pruning ",4,true,6,25,271,22
"raiders","EFS h_max + pruning ",5,true,6,25,271,21
"raiders","EFS h_max + pruning ",6,true,6,25,271,22
"raiders","EFS h_max + pruning ",7,true,6,25,271,21
"raiders","EFS h_max + pruning ",8,true,6,25,271,20
"raiders","EFS h_max + pruning ",9,true,6,25,271,21
"raiders","EFS h_max + pruning ",10,true,6,25,271,20
"raiders","EFS rp + pruning ",1,true,6,34,334,27
"raiders","EFS rp + pruning ",2,true,6,40,407,33
"raiders","EFS rp + pruning ",3,true,6,34,334,31
"raiders","EFS rp + pruning ",4,true,6,34,334,25
"raiders","EFS rp + pruning ",5,true,6,40,407,30
"raiders","EFS rp + pruning ",6,true,6,34,334,29
"raiders","EFS rp + pruning ",7,true,6,34,334,27
"raiders","EFS rp + pruning ",8,true,6,34,334,25
"raiders","EFS rp + pruning ",9,true,6,34,334,29
"raiders","EFS rp + pruning ",10,true,6,40,407,38
"raiders","GFS h+",1,true,6,4124,9128,375
"raiders","GFS h+",2,true,6,4449,9709,397
"raiders","GFS h+",3,true,6,4127,9128,411
"raiders","GFS h+",4,true,6,4239,9330,358
"raiders","GFS h+",5,true,6,4495,9943,373
"raiders","GFS h+",6,true,6,4556,9832,396
"raiders","GFS h+",7,true,6,4126,9104,347
"raiders","GFS h+",8,true,6,4571,9898,377
"raiders","GFS h+",9,true,6,4495,9961,379
"raiders","GFS h+",10,true,6,4554,9818,336
"raiders","GFS h_max",1,true,6,1039,5607,241
"raiders","GFS h_max",2,true,6,1201,6517,303
"raiders","GFS h_max",3,true,6,984,5317,192964
"raiders","GFS h_max",4,true,6,972,5249,192936
"raiders","GFS h_max",5,true,6,1021,5602,192950
"raiders","GFS h_max",6,true,6,984,5331,-295
"raiders","GFS h_max",7,true,6,1039,5583,222
"raiders","GFS h_max",8,true,6,1224,6493,252
"raiders","GFS h_max",9,true,6,1021,5623,212
"raiders","GFS h_max",10,true,6,972,5263,180
"raiders","GFS rp",1,true,6,2147,5517,216
"raiders","GFS rp",2,true,6,1998,5341,235
"raiders","GFS rp",3,true,6,1841,4759,192
"raiders","GFS rp",4,true,6,1839,4743,218
"raiders","GFS rp",5,true,6,766,2768,107
"raiders","GFS rp",6,true,6,1883,5002,195
"raiders","GFS rp",7,true,6,2103,5272,214
"raiders","GFS rp",8,true,6,1856,4840,184
"raiders","GFS rp",9,true,6,2071,5311,233
"raiders","GFS rp",10,true,6,539,2449,95
"raiders","GFS h+ + pruning ",1,true,6,665,3136,582
"raiders","GFS h+ + pruning ",2,true,6,588,2816,554
"raiders","GFS h+ + pruning ",3,true,6,588,2813,540
"raiders","GFS h+ + pruning ",4,true,6,588,2810,550
"raiders","GFS h+ + pruning ",5,true,6,665,3104,618
"raiders","GFS h+ + pruning ",6,true,6,588,2784,539
"raiders","GFS h+ + pruning ",7,true,6,665,3104,578
"raiders","GFS h+ + pruning ",8,true,6,588,2778,539
"raiders","GFS h+ + pruning ",9,true,6,665,3104,619
"raiders","GFS h+ + pruning ",10,true,6,588,2784,538
"raiders","GFS h_max + pruning ",1,true,6,219,1590,293
"raiders","GFS h_max + pruning ",2,true,6,220,1558,309
"raiders","GFS h_max + pruning ",3,true,6,188,1369,239
"raiders","GFS h_max + pruning ",4,true,6,188,1369,275
"raiders","GFS h_max + pruning ",5,true,6,219,1574,297
"raiders","GFS h_max + pruning ",6,true,6,188,1353,261
"raiders","GFS h_max + pruning ",7,true,6,219,1574,296
"raiders","GFS h_max + pruning ",8,true,6,220,1542,319
"raiders","GFS h_max + pruning ",9,true,6,219,1574,319
"raiders","GFS h_max + pruning ",10,true,6,188,1353,268
"raiders","GFS rp + pruning ",1,true,6,253,1460,263
"raiders","GFS rp + pruning ",2,true,6,446,2255,468
"raiders","GFS rp + pruning ",3,true,6,149,883,132
"raiders","GFS rp + pruning ",4,true,6,149,883,129
"raiders","GFS rp + pruning ",5,true,6,232,1252,212
"raiders","GFS rp + pruning ",6,true,6,180,1115,186
"raiders","GFS rp + pruning ",7,true,6,219,1168,187
"raiders","GFS rp + pruning ",8,true,6,157,930,152
"raiders","GFS rp + pruning ",9,true,6,222,1184,183
"raiders","GFS rp + pruning ",10,true,6,192,1187,179
"treasure","BFS",1,true,4,50,137,0
"treasure","BFS",2,true,4,50,137,0
"treasure","BFS",3,true,4,50,137,0
"treasure","BFS",4,true,4,50,137,1
"treasure","BFS",5,true,4,50,137,0
"treasure","BFS",6,true,4,50,137,1
"treasure","BFS",7,true,4,50,137,2
"treasure","BFS",8,true,4,50,137,1
"treasure","BFS",9,true,4,50,137,1
"treasure","BFS",10,true,4,50,137,1
"treasure","BFS prune",1,true,4,28,93,1
"treasure","BFS prune",2,true,4,28,93,2
"treasure","BFS prune",3,true,4,28,93,1
"treasure","BFS prune",4,true,4,28,93,1
"treasure","BFS prune",5,true,4,28,93,1
"treasure","BFS prune",6,true,4,28,93,2
"treasure","BFS prune",7,true,4,28,93,1
"treasure","BFS prune",8,true,4,28,93,1
"treasure","BFS prune",9,true,4,28,93,2
"treasure","BFS prune",10,true,4,28,93,1
"treasure","A* h+",1,true,4,58,97,1
"treasure","A* h+",2,true,4,58,97,0
"treasure","A* h+",3,true,4,58,97,0
"treasure","A* h+",4,true,4,58,97,1
"treasure","A* h+",5,true,4,58,97,0
"treasure","A* h+",6,true,4,58,97,1
"treasure","A* h+",7,true,4,58,97,1
"treasure","A* h+",8,true,4,58,97,1
"treasure","A* h+",9,true,4,58,97,1
"treasure","A* h+",10,true,4,58,97,1
"treasure","A* h_max",1,true,4,35,80,1
"treasure","A* h_max",2,true,4,35,80,0
"treasure","A* h_max",3,true,4,35,80,0
"treasure","A* h_max",4,true,4,35,80,0
"treasure","A* h_max",5,true,4,35,80,0
"treasure","A* h_max",6,true,4,35,80,1
"treasure","A* h_max",7,true,4,35,80,1
"treasure","A* h_max",8,true,4,35,80,1
"treasure","A* h_max",9,true,4,35,80,1
"treasure","A* h_max",10,true,4,35,80,1
"treasure","A* rp",1,true,4,47,97,1
"treasure","A* rp",2,true,4,47,97,1
"treasure","A* rp",3,true,4,47,97,1
"treasure","A* rp",4,true,4,47,97,1
"treasure","A* rp",5,true,4,47,97,1
"treasure","A* rp",6,true,4,47,97,1
"treasure","A* rp",7,true,4,47,97,1
"treasure","A* rp",8,true,4,47,97,1
"treasure","A* rp",9,true,4,47,97,1
"treasure","A* rp",10,true,4,47,97,1
"treasure","A* h+ + pruning ",1,true,4,35,79,1
"treasure","A* h+ + pruning ",2,true,4,35,79,1
"treasure","A* h+ + pruning ",3,true,4,35,79,2
"treasure","A* h+ + pruning ",4,true,4,35,79,2
"treasure","A* h+ + pruning ",5,true,4,35,79,2
"treasure","A* h+ + pruning ",6,true,4,35,79,2
"treasure","A* h+ + pruning ",7,true,4,35,79,1
"treasure","A* h+ + pruning ",8,true,4,35,79,1
"treasure","A* h+ + pruning ",9,true,4,35,79,1
"treasure","A* h+ + pruning ",10,true,4,35,79,2
"treasure","A* h_max + pruning ",1,true,4,35,79,1
"treasure","A* h_max + pruning ",2,true,4,35,79,1
"treasure","A* h_max + pruning ",3,true,4,35,79,2
"treasure","A* h_max + pruning ",4,true,4,35,79,2
"treasure","A* h_max + pruning ",5,true,4,35,79,2
"treasure","A* h_max + pruning ",6,true,4,35,79,2
"treasure","A* h_max + pruning ",7,true,4,35,79,2
"treasure","A* h_max + pruning ",8,true,4,35,79,2
"treasure","A* h_max + pruning ",9,true,4,35,79,1
"treasure","A* h_max + pruning ",10,true,4,35,79,1
"treasure","A* rp + pruning ",1,true,4,35,79,1
"treasure","A* rp + pruning ",2,true,4,35,79,1
"treasure","A* rp + pruning ",3,true,4,35,79,2
"treasure","A* rp + pruning ",4,true,4,35,79,1
"treasure","A* rp + pruning ",5,true,4,35,79,2
"treasure","A* rp + pruning ",6,true,4,35,79,2
"treasure","A* rp + pruning ",7,true,4,35,79,2
"treasure","A* rp + pruning ",8,true,4,35,79,2
"treasure","A* rp + pruning ",9,true,4,35,79,2
"treasure","A* rp + pruning ",10,true,4,35,79,1
"treasure","EFS h+",1,true,4,60,133,1
"treasure","EFS h+",2,true,4,60,133,0
"treasure","EFS h+",3,true,4,60,133,0
"treasure","EFS h+",4,true,4,60,133,0
"treasure","EFS h+",5,true,4,60,133,1
"treasure","EFS h+",6,true,4,60,133,1
"treasure","EFS h+",7,true,4,60,133,1
"treasure","EFS h+",8,true,4,60,133,1
"treasure","EFS h+",9,true,4,60,133,1
"treasure","EFS h+",10,true,4,60,133,1
"treasure","EFS h_max",1,true,4,22,78,0
"treasure","EFS h_max",2,true,4,22,78,1
"treasure","EFS h_max",3,true,4,22,78,0
"treasure","EFS h_max",4,true,4,22,78,1
"treasure","EFS h_max",5,true,4,22,78,0
"treasure","EFS h_max",6,true,4,22,78,0
"treasure","EFS h_max",7,true,4,22,78,0
"treasure","EFS h_max",8,true,4,22,78,0
"treasure","EFS h_max",9,true,4,22,78,0
"treasure","EFS h_max",10,true,4,22,78,0
"treasure","EFS rp",1,true,4,61,133,1
"treasure","EFS rp",2,true,4,61,133,2
"treasure","EFS rp",3,true,4,61,133,1
"treasure","EFS rp",4,true,4,61,133,1
"treasure","EFS rp",5,true,4,61,133,1
"treasure","EFS rp",6,true,4,61,133,1
"treasure","EFS rp",7,true,4,61,133,1
"treasure","EFS rp",8,true,4,61,133,1
"treasure","EFS rp",9,true,4,61,133,1
"treasure","EFS rp",10,true,4,61,133,1
"treasure","EFS h+ + pruning ",1,true,4,19,74,1
"treasure","EFS h+ + pruning ",2,true,4,19,74,2
"treasure","EFS h+ + pruning ",3,true,4,19,74,2
"treasure","EFS h+ + pruning ",4,true,4,19,74,1
"treasure","EFS h+ + pruning ",5,true,4,19,74,2
"treasure","EFS h+ + pruning ",6,true,4,19,74,1
"treasure","EFS h+ + pruning ",7,true,4,19,74,1
"treasure","EFS h+ + pruning ",8,true,4,19,74,1
"treasure","EFS h+ + pruning ",9,true,4,19,74,1
"treasure","EFS h+ + pruning ",10,true,4,19,74,1
"treasure","EFS h_max + pruning ",1,true,4,19,74,2
"treasure","EFS h_max + pruning ",2,true,4,19,74,1
"treasure","EFS h_max + pruning ",3,true,4,19,74,1
"treasure","EFS h_max + pruning ",4,true,4,19,74,1
"treasure","EFS h_max + pruning ",5,true,4,19,74,1
"treasure","EFS h_max + pruning ",6,true,4,19,74,1
"treasure","EFS h_max + pruning ",7,true,4,19,74,1
"treasure","EFS h_max + pruning ",8,true,4,19,74,1
"treasure","EFS h_max + pruning ",9,true,4,19,74,1
"treasure","EFS h_max + pruning ",10,true,4,19,74,1
"treasure","EFS rp + pruning ",1,true,4,19,74,1
"treasure","EFS rp + pruning ",2,true,4,19,74,1
"treasure","EFS rp + pruning ",3,true,4,19,74,1
"treasure","EFS rp + pruning ",4,true,4,19,74,2
"treasure","EFS rp + pruning ",5,true,4,19,74,1
"treasure","EFS rp + pruning ",6,true,4,19,74,1
"treasure","EFS rp + pruning ",7,true,4,19,74,2
"treasure","EFS rp + pruning ",8,true,4,19,74,1
"treasure","EFS rp + pruning ",9,true,4,19,74,1
"treasure","EFS rp + pruning ",10,true,4,19,74,2
"treasure","GFS h+",1,true,4,29,81,0
"treasure","GFS h+",2,true,4,29,81,0
"treasure","GFS h+",3,true,4,29,81,0
"treasure","GFS h+",4,true,4,29,81,0
"treasure","GFS h+",5,true,4,29,81,0
"treasure","GFS h+",6,true,4,29,81,0
"treasure","GFS h+",7,true,4,29,81,0
"treasure","GFS h+",8,true,4,29,81,0
"treasure","GFS h+",9,true,4,29,81,0
"treasure","GFS h+",10,true,4,29,81,0
"treasure","GFS h_max",1,true,4,24,77,1
"treasure","GFS h_max",2,true,4,24,77,1
"treasure","GFS h_max",3,true,4,24,77,1
"treasure","GFS h_max",4,true,4,24,77,1
"treasure","GFS h_max",5,true,4,24,77,1
"treasure","GFS h_max",6,true,4,24,77,1
"treasure","GFS h_max",7,true,4,24,77,1
"treasure","GFS h_max",8,true,4,24,77,1
"treasure","GFS h_max",9,true,4,24,77,1
"treasure","GFS h_max",10,true,4,24,77,1
"treasure","GFS rp",1,true,4,31,87,1
"treasure","GFS rp",2,true,4,31,87,1
"treasure","GFS rp",3,true,4,31,87,1
"treasure","GFS rp",4,true,4,31,87,1
"treasure","GFS rp",5,true,4,31,87,1
"treasure","GFS rp",6,true,4,31,87,1
"treasure","GFS rp",7,true,4,31,87,1
"treasure","GFS rp",8,true,4,31,87,1
"treasure","GFS rp",9,true,4,31,87,1
"treasure","GFS rp",10,true,4,31,87,1
"treasure","GFS h+ + pruning ",1,true,4,24,81,2
"treasure","GFS h+ + pruning ",2,true,4,24,81,2
"treasure","GFS h+ + pruning ",3,true,4,24,81,2
"treasure","GFS h+ + pruning ",4,true,4,24,81,2
"treasure","GFS h+ + pruning ",5,true,4,24,81,2
"treasure","GFS h+ + pruning ",6,true,4,24,81,2
"treasure","GFS h+ + pruning ",7,true,4,24,81,2
"treasure","GFS h+ + pruning ",8,true,4,24,81,2
"treasure","GFS h+ + pruning ",9,true,4,24,81,2
"treasure","GFS h+ + pruning ",10,true,4,24,81,2
"treasure","GFS h_max + pruning ",1,true,4,24,81,1
"treasure","GFS h_max + pruning ",2,true,4,24,81,2
"treasure","GFS h_max + pruning ",3,true,4,24,81,2
"treasure","GFS h_max + pruning ",4,true,4,24,81,2
"treasure","GFS h_max + pruning ",5,true,4,24,81,1
"treasure","GFS h_max + pruning ",6,true,4,24,81,1
"treasure","GFS h_max + pruning ",7,true,4,24,81,2
"treasure","GFS h_max + pruning ",8,true,4,24,81,2
"treasure","GFS h_max + pruning ",9,true,4,24,81,2
"treasure","GFS h_max + pruning ",10,true,4,24,81,2
"treasure","GFS rp + pruning ",1,true,4,24,81,2
"treasure","GFS rp + pruning ",2,true,4,24,81,1
"treasure","GFS rp + pruning ",3,true,4,24,81,1
"treasure","GFS rp + pruning ",4,true,4,24,81,2
"treasure","GFS rp + pruning ",5,true,4,24,81,2
"treasure","GFS rp + pruning ",6,true,4,24,81,2
"treasure","GFS rp + pruning ",7,true,4,24,81,1
"treasure","GFS rp + pruning ",8,true,4,24,81,2
"treasure","GFS rp + pruning ",9,true,4,24,81,2
"treasure","GFS rp + pruning ",10,true,4,24,81,2
"gramma_any","BFS",1,true,3,3031,32046,560
"gramma_any","BFS",2,true,3,3030,32038,1079
"gramma_any","BFS",3,true,3,3029,32029,1012
"gramma_any","BFS",4,true,3,3029,32029,613
"gramma_any","BFS",5,true,3,3030,32038,1065
"gramma_any","BFS",6,true,3,3031,32046,-191933
"gramma_any","BFS",7,true,3,3030,32037,757
"gramma_any","BFS",8,true,3,3030,32037,1339
"gramma_any","BFS",9,true,3,3030,32038,1242
"gramma_any","BFS",10,true,3,3030,32038,1174
"gramma_any","BFS prune",1,true,3,1311,19054,1988
"gramma_any","BFS prune",2,true,3,1310,19047,2566
"gramma_any","BFS prune",3,true,3,1310,19047,2335
"gramma_any","BFS prune",4,true,3,1310,19047,2246
"gramma_any","BFS prune",5,true,3,1310,19047,1872
"gramma_any","BFS prune",6,true,3,1311,19054,2175
"gramma_any","BFS prune",7,true,3,1311,19054,2485
"gramma_any","BFS prune",8,true,3,1311,19054,1943
"gramma_any","BFS prune",9,true,3,1310,19047,2341
"gramma_any","BFS prune",10,true,3,1310,19047,2488
"gramma_any","A* h+",1,true,3,3453,50064,15235
"gramma_any","A* h+",2,true,3,3454,50051,15909
"gramma_any","A* h+",3,true,3,3454,50051,15779
"gramma_any","A* h+",4,true,3,3451,50051,15809
"gramma_any","A* h+",5,true,3,3451,50051,208018
"gramma_any","A* h+",6,true,3,3453,50064,15600
"gramma_any","A* h+",7,true,3,3451,50064,13706
"gramma_any","A* h+",8,true,3,3454,50064,17004
"gramma_any","A* h+",9,true,3,3450,50051,17139
"gramma_any","A* h+",10,true,3,3451,50051,17165
"gramma_any","A* h_max",1,true,3,3409,47393,12594
"gramma_any","A* h_max",2,true,3,3410,47423,12781
"gramma_any","A* h_max",3,true,3,3410,47423,13319
"gramma_any","A* h_max",4,true,3,3407,47386,13627
"gramma_any","A* h_max",5,true,3,3407,47386,13081
"gramma_any","A* h_max",6,true,3,3409,47393,12444
"gramma_any","A* h_max",7,true,3,3407,47398,14061
"gramma_any","A* h_max",8,true,3,3410,47435,13856
"gramma_any","A* h_max",9,true,3,3406,47344,13546
"gramma_any","A* h_max",10,true,3,3407,47386,13498
"gramma_any","A* rp",1,true,5,3084,45445,12967
"gramma_any","A* rp",2,true,5,2937,42495,12013
"gramma_any","A* rp",3,true,5,3352,47919,13261
"gramma_any","A* rp",4,true,5,3272,46607,10374
"gramma_any","A* rp",5,true,5,3297,46905,10375
"gramma_any","A* rp",6,true,5,3252,46512,9713
"gramma_any","A* rp",7,true,5,3272,46607,13773
"gramma_any","A* rp",8,true,5,3353,47840,14196
"gramma_any","A* rp",9,true,5,2950,42539,12406
"gramma_any","A* rp",10,true,5,2952,42690,12232
"gramma_any","A* h+ + pruning ",1,true,3,1795,26406,8940
"gramma_any","A* h+ + pruning ",2,true,3,1796,26393,9235
"gramma_any","A* h+ + pruning ",3,true,3,1796,26393,9792
"gramma_any","A* h+ + pruning ",4,true,3,1793,26393,9522
"gramma_any","A* h+ + pruning ",5,true,3,1793,26393,9448
"gramma_any","A* h+ + pruning ",6,true,3,1795,26406,9920
"gramma_any","A* h+ + pruning ",7,true,3,1793,26406,9751
"gramma_any","A* h+ + pruning ",8,true,3,1796,26406,9616
"gramma_any","A* h+ + pruning ",9,true,3,1792,26393,9502
"gramma_any","A* h+ + pruning ",10,true,3,1793,26393,9968
"gramma_any","A* h_max + pruning ",1,true,3,1838,25877,8142
"gramma_any","A* h_max + pruning ",2,true,3,1839,25907,7932
"gramma_any","A* h_max + pruning ",3,true,3,1839,25907,8266
"gramma_any","A* h_max + pruning ",4,true,3,1836,25870,8347
"gramma_any","A* h_max + pruning ",5,true,3,1836,25870,8214
"gramma_any","A* h_max + pruning ",6,true,3,1838,25877,8140
"gramma_any","A* h_max + pruning ",7,true,3,1836,25882,8159
"gramma_any","A* h_max + pruning ",8,true,3,1839,25919,8651
"gramma_any","A* h_max + pruning ",9,true,3,1835,25828,8531
"gramma_any","A* h_max + pruning ",10,true,3,1836,25870,8464
"gramma_any","A* rp + pruning ",1,true,5,1461,22411,7967
"gramma_any","A* rp + pruning ",2,true,5,1418,21538,8501
"gramma_any","A* rp + pruning ",3,true,5,1654,24780,9909
"gramma_any","A* rp + pruning ",4,true,5,1579,23463,9336
"gramma_any","A* rp + pruning ",5,true,5,1597,23773,9131
"gramma_any","A* rp + pruning ",6,true,5,1557,23370,9592
"gramma_any","A* rp + pruning ",7,true,5,1579,23463,9468
"gramma_any","A* rp + pruning ",8,true,5,1667,24830,9975
"gramma_any","A* rp + pruning ",9,true,5,1431,21575,8561
"gramma_any","A* rp + pruning ",10,true,5,1436,21848,8511
"gramma_any","EFS h+",1,true,3,8653,47454,14816
"gramma_any","EFS h+",2,true,3,8626,47329,15045
"gramma_any","EFS h+",3,true,3,8624,47329,15696
"gramma_any","EFS h+",4,true,3,8643,47392,15623
"gramma_any","EFS h+",5,true,3,8640,47392,15358
"gramma_any","EFS h+",6,true,3,8653,47454,15986
"gramma_any","EFS h+",7,true,3,8643,47392,15478
"gramma_any","EFS h+",8,true,3,8624,47329,16051
"gramma_any","EFS h+",9,true,3,8611,47267,15630
"gramma_any","EFS h+",10,true,3,8611,47267,16344
"gramma_any","EFS h_max",1,true,3,1831,25720,7118
"gramma_any","EFS h_max",2,true,3,1618,22572,6393
"gramma_any","EFS h_max",3,true,3,1828,25731,7135
"gramma_any","EFS h_max",4,true,3,1845,25952,7306
"gramma_any","EFS h_max",5,true,3,1842,25952,7489
"gramma_any","EFS h_max",6,true,3,1832,25733,7470
"gramma_any","EFS h_max",7,true,3,1842,25889,7259
"gramma_any","EFS h_max",8,true,3,1831,25757,7155
"gramma_any","EFS h_max",9,true,3,1798,25457,7546
"gramma_any","EFS h_max",10,true,3,1803,25502,7139
"gramma_any","EFS rp",1,true,3,8686,47137,13676
"gramma_any","EFS rp",2,true,3,8374,46115,14268
"gramma_any","EFS rp",3,true,3,8218,45323,14265
"gramma_any","EFS rp",4,true,3,8399,46189,14223
"gramma_any","EFS rp",5,true,3,8259,45593,14114
"gramma_any","EFS rp",6,true,3,8215,45359,13991
"gramma_any","EFS rp",7,true,3,8381,46084,14130
"gramma_any","EFS rp",8,true,3,8270,45593,14020
"gramma_any","EFS rp",9,true,3,8426,46090,13763
"gramma_any","EFS rp",10,true,3,8425,46356,14226
"gramma_any","EFS h+ + pruning ",1,true,3,2023,16622,4732
"gramma_any","EFS h+ + pruning ",2,true,3,2024,16615,4688
"gramma_any","EFS h+ + pruning ",3,true,3,2022,16605,4650
"gramma_any","EFS h+ + pruning ",4,true,3,2018,16584,4692
"gramma_any","EFS h+ + pruning ",5,true,3,2015,16568,-188012
"gramma_any","EFS h+ + pruning ",6,true,3,2023,16622,4801
"gramma_any","EFS h+ + pruning ",7,true,3,2018,16584,4804
"gramma_any","EFS h+ + pruning ",8,true,3,2022,16605,4891
"gramma_any","EFS h+ + pruning ",9,true,3,2014,16551,4701
"gramma_any","EFS h+ + pruning ",10,true,3,2014,16551,4821
"gramma_any","EFS h_max + pruning ",1,true,3,665,11142,3115
"gramma_any","EFS h_max + pruning ",2,true,3,643,10790,2803
"gramma_any","EFS h_max + pruning ",3,true,3,679,11325,2879
"gramma_any","EFS h_max + pruning ",4,true,3,676,11385,3476
"gramma_any","EFS h_max + pruning ",5,true,3,673,11356,2875
"gramma_any","EFS h_max + pruning ",6,true,3,666,11158,2962
"gramma_any","EFS h_max + pruning ",7,true,3,672,11293,3674
"gramma_any","EFS h_max + pruning ",8,true,3,682,11353,3543
"gramma_any","EFS h_max + pruning ",9,true,3,664,11171,3045
"gramma_any","EFS h_max + pruning ",10,true,3,664,11136,3360
"gramma_any","EFS rp + pruning ",1,true,3,1917,15554,4057
"gramma_any","EFS rp + pruning ",2,true,3,1912,15537,4002
"gramma_any","EFS rp + pruning ",3,true,3,1919,15563,4476
"gramma_any","EFS rp + pruning ",4,true,3,1911,15505,4195
"gramma_any","EFS rp + pruning ",5,true,3,1912,15505,4455
"gramma_any","EFS rp + pruning ",6,true,3,1917,15554,4254
"gramma_any","EFS rp + pruning ",7,true,3,1915,15521,4435
"gramma_any","EFS rp + pruning ",8,true,3,1919,15553,4358
"gramma_any","EFS rp + pruning ",9,true,3,1910,15488,4259
"gramma_any","EFS rp + pruning ",10,true,3,1907,15488,4812
"gramma_any","GFS h+",1,true,3,23966,40745,11596
"gramma_any","GFS h+",2,true,3,23965,40733,11913
"gramma_any","GFS h+",3,true,3,23965,40733,11818
"gramma_any","GFS h+",4,true,3,23965,40733,11947
"gramma_any","GFS h+",5,true,3,23965,40733,11446
"gramma_any","GFS h+",6,true,3,23967,40748,11779
"gramma_any","GFS h+",7,true,3,23967,40748,11521
"gramma_any","GFS h+",8,true,3,23966,40745,11761
"gramma_any","GFS h+",9,true,3,23965,40733,11980
"gramma_any","GFS h+",10,true,3,23965,40733,11807
"gramma_any","GFS h_max",1,true,3,2863,22600,5601
"gramma_any","GFS h_max",2,true,3,2862,22579,5764
"gramma_any","GFS h_max",3,true,3,2862,22579,6093
"gramma_any","GFS h_max",4,true,3,2862,22579,5744
"gramma_any","GFS h_max",5,true,3,2862,22579,5937
"gramma_any","GFS h_max",6,true,3,2864,22613,6000
"gramma_any","GFS h_max",7,true,3,2864,22613,6312
"gramma_any","GFS h_max",8,true,3,2863,22600,5809
"gramma_any","GFS h_max",9,true,3,2862,22579,6168
"gramma_any","GFS h_max",10,true,3,2862,22579,5868
"gramma_any","GFS rp",1,true,3,3490,6313,1176
"gramma_any","GFS rp",2,true,3,3477,6284,1470
"gramma_any","GFS rp",3,true,3,3477,6284,1590
"gramma_any","GFS rp",4,true,3,3477,6284,1700
"gramma_any","GFS rp",5,true,3,3489,6301,1578
"gramma_any","GFS rp",6,true,3,3479,6318,1678
"gramma_any","GFS rp",7,true,3,3479,6318,959
"gramma_any","GFS rp",8,true,3,3490,6313,1467
"gramma_any","GFS rp",9,true,3,3477,6284,1049
"gramma_any","GFS rp",10,true,3,3489,6301,1490
"gramma_any","GFS h+ + pruning ",1,true,3,2662,13906,4207
"gramma_any","GFS h+ + pruning ",2,true,3,2661,13885,3895
"gramma_any","GFS h+ + pruning ",3,true,3,2661,13885,4355
"gramma_any","GFS h+ + pruning ",4,true,3,2661,13885,3903
"gramma_any","GFS h+ + pruning ",5,true,3,2661,13885,3872
"gramma_any","GFS h+ + pruning ",6,true,3,2663,13919,4469
"gramma_any","GFS h+ + pruning ",7,true,3,2663,13919,4467
"gramma_any","GFS h+ + pruning ",8,true,3,2662,13906,5027
"gramma_any","GFS h+ + pruning ",9,true,3,2661,13885,4271
"gramma_any","GFS h+ + pruning ",10,true,3,2661,13885,4372
"gramma_any","GFS h_max + pruning ",1,true,3,979,10614,3250
"gramma_any","GFS h_max + pruning ",2,true,3,978,10593,3009
"gramma_any","GFS h_max + pruning ",3,true,3,978,10593,2916
"gramma_any","GFS h_max + pruning ",4,true,3,978,10593,2948
"gramma_any","GFS h_max + pruning ",5,true,3,978,10593,3231
"gramma_any","GFS h_max + pruning ",6,true,3,980,10627,3447
"gramma_any","GFS h_max + pruning ",7,true,3,980,10627,196237
"gramma_any","GFS h_max + pruning ",8,true,3,979,10614,196277
"gramma_any","GFS h_max + pruning ",9,true,3,978,10593,3465
"gramma_any","GFS h_max + pruning ",10,true,3,978,10593,196118
"gramma_any","GFS rp + pruning ",1,true,3,713,3003,890
"gramma_any","GFS rp + pruning ",2,true,3,712,2982,193701
"gramma_any","GFS rp + pruning ",3,true,3,712,2982,851
"gramma_any","GFS rp + pruning ",4,true,3,712,2982,763
"gramma_any","GFS rp + pruning ",5,true,3,712,2982,823
"gramma_any","GFS rp + pruning ",6,true,3,714,3016,874
"gramma_any","GFS rp + pruning ",7,true,3,714,3016,853
"gramma_any","GFS rp + pruning ",8,true,3,713,3003,871
"gramma_any","GFS rp + pruning ",9,true,3,712,2982,840
"gramma_any","GFS rp + pruning ",10,true,3,712,2982,823
"gramma_win","BFS",1,true,5,14417,179251,8666
"gramma_win","BFS",2,true,5,14306,178031,8296
"gramma_win","BFS",3,true,5,14627,182819,8623
"gramma_win","BFS",4,true,5,14606,182298,8442
"gramma_win","BFS",5,true,5,14603,182277,-185979
"gramma_win","BFS",6,true,5,14483,180578,8668
"gramma_win","BFS",7,true,5,14477,180557,-186352
"gramma_win","BFS",8,true,5,14627,182819,-185826
"gramma_win","BFS",9,true,5,14303,178031,-186033
"gramma_win","BFS",10,true,5,14303,178031,-186599
"gramma_win","BFS prune",1,true,5,4215,65778,-184124
"gramma_win","BFS prune",2,true,5,4233,66257,11314
"gramma_win","BFS prune",3,true,5,4357,68194,11663
"gramma_win","BFS prune",4,true,5,4338,67715,11257
"gramma_win","BFS prune",5,true,5,4338,67715,11675
"gramma_win","BFS prune",6,true,5,4339,67715,11630
"gramma_win","BFS prune",7,true,5,4338,67715,10911
"gramma_win","BFS prune",8,true,5,4357,68194,10641
"gramma_win","BFS prune",9,true,5,4232,66257,9431
"gramma_win","BFS prune",10,true,5,4232,66257,8707
"gramma_win","A* h+",1,true,5,34862,456306,148397
"gramma_win","A* h+",2,true,5,34859,456275,156079
"gramma_win","A* h+",3,true,5,34859,456272,157385
"gramma_win","A* h+",4,true,5,34861,456560,159637
"gramma_win","A* h+",5,true,5,34875,456750,156885
"gramma_win","A* h+",6,true,5,34856,456244,159611
"gramma_win","A* h+",7,true,5,34847,456275,159200
"gramma_win","A* h+",8,true,5,34859,456274,156710
"gramma_win","A* h+",9,true,5,34866,456626,157120
"gramma_win","A* h+",10,true,5,34855,456389,154452
"gramma_win","A* h_max",1,true,5,18388,263589,69403
"gramma_win","A* h_max",2,true,5,18212,261796,74350
"gramma_win","A* h_max",3,true,5,18826,269757,76899
"gramma_win","A* h_max",4,true,5,18777,268816,76969
"gramma_win","A* h_max",5,true,5,18777,268816,75356
"gramma_win","A* h_max",6,true,5,18556,266100,76068
"gramma_win","A* h_max",7,true,5,18554,266100,75142
"gramma_win","A* h_max",8,true,5,18826,269766,73367
"gramma_win","A* h_max",9,true,5,18208,261796,70919
"gramma_win","A* h_max",10,true,5,18209,261796,70877
"gramma_win","A* rp",1,true,5,3084,45445,13253
"gramma_win","A* rp",2,true,5,2937,42495,12753
"gramma_win","A* rp",3,true,5,3352,47919,14894
"gramma_win","A* rp",4,true,5,3272,46607,14197
"gramma_win","A* rp",5,true,5,3297,46905,14029
"gramma_win","A* rp",6,true,5,3252,46512,14129
"gramma_win","A* rp",7,true,5,3272,46607,14126
"gramma_win","A* rp",8,true,5,3353,47840,14887
"gramma_win","A* rp",9,true,5,2950,42539,11747
"gramma_win","A* rp",10,true,5,2952,42690,12548
"gramma_win","A* h+ + pruning ",1,true,5,7402,115190,42020
"gramma_win","A* h+ + pruning ",2,true,5,7405,115279,43613
"gramma_win","A* h+ + pruning ",3,true,5,7405,115276,43525
"gramma_win","A* h+ + pruning ",4,true,5,7416,115555,44623
"gramma_win","A* h+ + pruning ",5,true,5,7430,115745,43803
"gramma_win","A* h+ + pruning ",6,true,5,7402,115191,43634
"gramma_win","A* h+ + pruning ",7,true,5,7402,115284,43630
"gramma_win","A* h+ + pruning ",8,true,5,7405,115283,43681
"gramma_win","A* h+ + pruning ",9,true,5,7421,115571,43664
"gramma_win","A* h+ + pruning ",10,true,5,7410,115399,44144
"gramma_win","A* h_max + pruning ",1,true,5,3999,65311,22091
"gramma_win","A* h_max + pruning ",2,true,5,4030,65974,24287
"gramma_win","A* h_max + pruning ",3,true,5,4177,68295,25218
"gramma_win","A* h_max + pruning ",4,true,5,4144,67623,24476
"gramma_win","A* h_max + pruning ",5,true,5,4144,67623,24491
"gramma_win","A* h_max + pruning ",6,true,5,4146,67632,24712
"gramma_win","A* h_max + pruning ",7,true,5,4144,67632,22939
"gramma_win","A* h_max + pruning ",8,true,5,4177,68304,23074
"gramma_win","A* h_max + pruning ",9,true,5,4026,65974,21768
"gramma_win","A* h_max + pruning ",10,true,5,4027,65974,21344
"gramma_win","A* rp + pruning ",1,true,5,1245,19816,6089
"gramma_win","A* rp + pruning ",2,true,5,1186,18686,7108
"gramma_win","A* rp + pruning ",3,true,5,1352,21182,7104
"gramma_win","A* rp + pruning ",4,true,5,1293,20122,6567
"gramma_win","A* rp + pruning ",5,true,5,1311,20432,7578
"gramma_win","A* rp + pruning ",6,true,5,1271,20029,7936
"gramma_win","A* rp + pruning ",7,true,5,1293,20122,7367
"gramma_win","A* rp + pruning ",8,true,5,1365,21232,8244
"gramma_win","A* rp + pruning ",9,true,5,1199,18723,7116
"gramma_win","A* rp + pruning ",10,true,5,1204,18996,6679
"gramma_win","EFS h+",1,true,5,127214,586455,219220
"gramma_win","EFS h+",2,true,5,150950,695974,263518
"gramma_win","EFS h+",3,true,5,153274,705510,272086
"gramma_win","EFS h+",4,true,5,127384,587049,231034
"gramma_win","EFS h+",5,true,5,127119,586031,225733
"gramma_win","EFS h+",6,true,5,125325,579456,224494
"gramma_win","EFS h+",7,true,5,125292,579121,224107
"gramma_win","EFS h+",8,true,5,153003,703866,266319
"gramma_win","EFS h+",9,true,5,151208,697617,248002
"gramma_win","EFS h+",10,true,5,150887,695787,244246
"gramma_win","EFS h_max",1,true,5,21871,290056,83370
"gramma_win","EFS h_max",2,true,5,24130,315787,93283
"gramma_win","EFS h_max",3,true,5,26969,358638,110055
"gramma_win","EFS h_max",4,true,5,22025,291894,89704
"gramma_win","EFS h_max",5,true,5,21947,291407,88710
"gramma_win","EFS h_max",6,true,5,21759,287670,87825
"gramma_win","EFS h_max",7,true,5,21794,288313,86683
"gramma_win","EFS h_max",8,true,5,26845,357393,109530
"gramma_win","EFS h_max",9,true,5,26668,354524,100771
"gramma_win","EFS h_max",10,true,5,26604,353834,97932
"gramma_win","EFS rp",1,true,5,113644,522646,144509
"gramma_win","EFS rp",2,true,5,137563,634250,175803
"gramma_win","EFS rp",3,true,5,137144,633365,157831
"gramma_win","EFS rp",4,true,5,110520,511318,156542
"gramma_win","EFS rp",5,true,5,110629,512226,149662
"gramma_win","EFS rp",6,true,5,110812,512411,149633
"gramma_win","EFS rp",7,true,5,111735,516429,147862
"gramma_win","EFS rp",8,true,5,138629,640221,172174
"gramma_win","EFS rp",9,true,5,138907,638987,161868
"gramma_win","EFS rp",10,true,5,138060,637173,169757
"gramma_win","EFS h+ + pruning ",1,true,5,17733,152764,50267
"gramma_win","EFS h+ + pruning ",2,true,5,19673,166959,50015
"gramma_win","EFS h+ + pruning ",3,true,5,19691,167016,50163
"gramma_win","EFS h+ + pruning ",4,true,5,17741,152623,44934
"gramma_win","EFS h+ + pruning ",5,true,5,17704,152660,43836
"gramma_win","EFS h+ + pruning ",6,true,5,17752,152787,53214
"gramma_win","EFS h+ + pruning ",7,true,5,17734,152542,55154
"gramma_win","EFS h+ + pruning ",8,true,5,19681,166930,60075
"gramma_win","EFS h+ + pruning ",9,true,5,19694,166971,59170
"gramma_win","EFS h+ + pruning ",10,true,5,19658,166863,59876
"gramma_win","EFS h_max + pruning ",1,true,5,5156,92332,28706
"gramma_win","EFS h_max + pruning ",2,true,5,5719,98039,31428
"gramma_win","EFS h_max + pruning ",3,true,5,5945,102320,32880
"gramma_win","EFS h_max + pruning ",4,true,5,5180,92662,29812
"gramma_win","EFS h_max + pruning ",5,true,5,5165,92642,30199
"gramma_win","EFS h_max + pruning ",6,true,5,5161,92395,30031
"gramma_win","EFS h_max + pruning ",7,true,5,5159,92241,30455
"gramma_win","EFS h_max + pruning ",8,true,5,5943,102213,33191
"gramma_win","EFS h_max + pruning ",9,true,5,5952,102656,33584
"gramma_win","EFS h_max + pruning ",10,true,5,5926,102300,32924
"gramma_win","EFS rp + pruning ",1,true,5,16188,138522,44395
"gramma_win","EFS rp + pruning ",2,true,5,18060,152838,47919
"gramma_win","EFS rp + pruning ",3,true,5,18123,152860,239066
"gramma_win","EFS rp + pruning ",4,true,5,16122,138651,234083
"gramma_win","EFS rp + pruning ",5,true,5,16074,137873,234495
"gramma_win","EFS rp + pruning ",6,true,5,16068,137976,47530
"gramma_win","EFS rp + pruning ",7,true,5,16049,137958,47536
"gramma_win","EFS rp + pruning ",8,true,5,18190,153849,53200
"gramma_win","EFS rp + pruning ",9,true,5,18146,152921,51941
"gramma_win","EFS rp + pruning ",10,true,5,18048,152587,50051
"gramma_win","GFS h+",1,false,,1000000,1633467,297120
"gramma_win","GFS h+",2,false,,1000000,1633478,319509
"gramma_win","GFS h+",3,false,,1000000,1633429,315388
"gramma_win","GFS h+",4,false,,1000000,1633458,509952
"gramma_win","GFS h+",5,false,,1000000,1633380,510388
"gramma_win","GFS h+",6,false,,1000000,1633463,513053
"gramma_win","GFS h+",7,false,,1000000,1633411,510952
"gramma_win","GFS h+",8,false,,1000000,1633465,510393
"gramma_win","GFS h+",9,false,,1000000,1633405,480582
"gramma_win","GFS h+",10,false,,1000000,1633405,477373
"gramma_win","GFS h_max",1,true,5,490071,3745769,807990
"gramma_win","GFS h_max",2,true,5,489715,3742391,839530
"gramma_win","GFS h_max",3,true,5,493207,3776332,841676
"gramma_win","GFS h_max",4,true,5,493037,3774783,858379
"gramma_win","GFS h_max",5,true,5,493378,3776782,844947
"gramma_win","GFS h_max",6,true,5,493131,3773591,832676
"gramma_win","GFS h_max",7,true,5,493071,3773325,914397
"gramma_win","GFS h_max",8,true,5,493544,3778835,903179
"gramma_win","GFS h_max",9,true,5,489644,3742078,861167
"gramma_win","GFS h_max",10,true,5,489299,3739618,800230
"gramma_win","GFS rp",1,true,5,413875,688607,174416
"gramma_win","GFS rp",2,true,5,413906,689690,175562
"gramma_win","GFS rp",3,true,5,450603,754883,188731
"gramma_win","GFS rp",4,true,5,450591,754634,187398
"gramma_win","GFS rp",5,true,5,450612,754054,201293
"gramma_win","GFS rp",6,true,5,450685,754767,199306
"gramma_win","GFS rp",7,true,5,450683,754755,194145
"gramma_win","GFS rp",8,true,5,450645,755011,188519
"gramma_win","GFS rp",9,true,5,413916,689681,183541
"gramma_win","GFS rp",10,true,5,413974,689740,179093
"gramma_win","GFS h+ + pruning ",1,true,5,77050,407468,129255
"gramma_win","GFS h+ + pruning ",2,true,5,77666,409833,326617
"gramma_win","GFS h+ + pruning ",3,true,5,79258,420179,131412
"gramma_win","GFS h+ + pruning ",4,true,5,78647,417836,129095
"gramma_win","GFS h+ + pruning ",5,true,5,78643,417745,129348
"gramma_win","GFS h+ + pruning ",6,true,5,78684,417880,-47074
"gramma_win","GFS h+ + pruning ",7,true,5,78672,417823,147955
"gramma_win","GFS h+ + pruning ",8,true,5,79245,420244,149118
"gramma_win","GFS h+ + pruning ",9,true,5,77658,409746,139463
"gramma_win","GFS h+ + pruning ",10,true,5,77658,409746,135604
"gramma_win","GFS h_max + pruning ",1,true,5,23928,286485,90234
"gramma_win","GFS h_max + pruning ",2,true,5,24019,287662,91382
"gramma_win","GFS h_max + pruning ",3,true,5,24521,294649,89522
"gramma_win","GFS h_max + pruning ",4,true,5,24432,293547,97879
"gramma_win","GFS h_max + pruning ",5,true,5,24503,294000,100314
"gramma_win","GFS h_max + pruning ",6,true,5,24516,294104,103524
"gramma_win","GFS h_max + pruning ",7,true,5,24516,294224,102944
"gramma_win","GFS h_max + pruning ",8,true,5,24612,295509,102568
"gramma_win","GFS h_max + pruning ",9,true,5,24023,287708,100510
"gramma_win","GFS h_max + pruning ",10,true,5,23923,286917,100232
"gramma_win","GFS rp + pruning ",1,true,5,19407,105311,33371
"gramma_win","GFS rp + pruning ",2,true,5,20034,108043,34345
"gramma_win","GFS rp + pruning ",3,true,5,21278,116130,37312
"gramma_win","GFS rp + pruning ",4,true,5,20643,113433,36050
"gramma_win","GFS rp + pruning ",5,true,5,20654,113435,35811
"gramma_win","GFS rp + pruning ",6,true,5,20670,113492,40158
"gramma_win","GFS rp + pruning ",7,true,5,20670,113492,40021
"gramma_win","GFS rp + pruning ",8,true,5,21266,116138,41099
"gramma_win","GFS rp + pruning ",9,true,5,20032,108028,36559
"gramma_win","GFS rp + pruning ",10,true,5,20030,107998,36768
"secretagent","BFS",1,true,8,1130,711,8
"secretagent","BFS",2,true,8,1136,745,6
"secretagent","BFS",3,true,8,1136,745,9
"secretagent","BFS",4,true,8,1130,711,8
"secretagent","BFS",5,true,8,1136,745,8
"secretagent","BFS",6,true,8,1130,711,7
"secretagent","BFS",7,true,8,1130,711,7
"secretagent","BFS",8,true,8,1136,745,8
"secretagent","BFS",9,true,8,1136,745,8
"secretagent","BFS",10,true,8,1136,745,5
"secretagent","BFS prune",1,true,8,457,475,29
"secretagent","BFS prune",2,true,8,463,509,35
"secretagent","BFS prune",3,true,8,463,509,35
"secretagent","BFS prune",4,true,8,457,475,30
"secretagent","BFS prune",5,true,8,463,509,40
"secretagent","BFS prune",6,true,8,457,475,35
"secretagent","BFS prune",7,true,8,457,475,38
"secretagent","BFS prune",8,true,8,463,509,39
"secretagent","BFS prune",9,true,8,463,509,44
"secretagent","BFS prune",10,true,8,463,509,39
"secretagent","A* h+",1,true,8,372,815,19
"secretagent","A* h+",2,true,8,376,828,13
"secretagent","A* h+",3,true,8,376,828,17
"secretagent","A* h+",4,true,8,372,815,14
"secretagent","A* h+",5,true,8,376,828,15
"secretagent","A* h+",6,true,8,372,815,13
"secretagent","A* h+",7,true,8,372,815,16
"secretagent","A* h+",8,true,8,376,828,15
"secretagent","A* h+",9,true,8,376,828,18
"secretagent","A* h+",10,true,8,376,828,20
"secretagent","A* h_max",1,true,8,344,757,16
"secretagent","A* h_max",2,true,8,344,757,15
"secretagent","A* h_max",3,true,8,344,757,15
"secretagent","A* h_max",4,true,8,344,757,13
"secretagent","A* h_max",5,true,8,344,757,10
"secretagent","A* h_max",6,true,8,344,757,15
"secretagent","A* h_max",7,true,8,344,757,15
"secretagent","A* h_max",8,true,8,344,757,14
"secretagent","A* h_max",9,true,8,344,757,15
"secretagent","A* h_max",10,true,8,344,757,14
"secretagent","A* rp",1,true,8,420,785,18
"secretagent","A* rp",2,true,8,420,785,22
"secretagent","A* rp",3,true,8,420,785,19
"secretagent","A* rp",4,true,8,404,721,18
"secretagent","A* rp",5,true,8,420,785,20
"secretagent","A* rp",6,true,8,420,785,21
"secretagent","A* rp",7,true,8,420,785,24
"secretagent","A* rp",8,true,8,420,785,22
"secretagent","A* rp",9,true,8,420,785,21
"secretagent","A* rp",10,true,8,420,785,20
"secretagent","A* h+ + pruning ",1,true,8,182,353,31
"secretagent","A* h+ + pruning ",2,true,8,186,364,34
"secretagent","A* h+ + pruning ",3,true,8,186,364,27
"secretagent","A* h+ + pruning ",4,true,8,182,353,31
"secretagent","A* h+ + pruning ",5,true,8,186,364,34
"secretagent","A* h+ + pruning ",6,true,8,182,353,32
"secretagent","A* h+ + pruning ",7,true,8,182,353,39
"secretagent","A* h+ + pruning ",8,true,8,186,364,31
"secretagent","A* h+ + pruning ",9,true,8,186,364,37
"secretagent","A* h+ + pruning ",10,true,8,186,364,33
"secretagent","A* h_max + pruning ",1,true,8,162,312,19
"secretagent","A* h_max + pruning ",2,true,8,162,312,21
"secretagent","A* h_max + pruning ",3,true,8,162,312,21
"secretagent","A* h_max + pruning ",4,true,8,162,312,22
"secretagent","A* h_max + pruning ",5,true,8,162,312,19
"secretagent","A* h_max + pruning ",6,true,8,162,312,19
"secretagent","A* h_max + pruning ",7,true,8,162,312,23
"secretagent","A* h_max + pruning ",8,true,8,162,312,21
"secretagent","A* h_max + pruning ",9,true,8,162,312,20
"secretagent","A* h_max + pruning ",10,true,8,162,312,20
"secretagent","A* rp + pruning ",1,true,8,174,320,30
"secretagent","A* rp + pruning ",2,true,8,174,320,29
"secretagent","A* rp + pruning ",3,true,8,174,320,24
"secretagent","A* rp + pruning ",4,true,8,180,326,29
"secretagent","A* rp + pruning ",5,true,8,174,320,25
"secretagent","A* rp + pruning ",6,true,8,174,320,24
"secretagent","A* rp + pruning ",7,true,8,174,320,29
"secretagent","A* rp + pruning ",8,true,8,174,320,24
"secretagent","A* rp + pruning ",9,true,8,174,320,31
"secretagent","A* rp + pruning ",10,true,8,174,320,23
"secretagent","EFS h+",1,true,8,30,115,6
"secretagent","EFS h+",2,true,8,35,128,12
"secretagent","EFS h+",3,true,8,35,128,8
"secretagent","EFS h+",4,true,8,30,115,5
"secretagent","EFS h+",5,true,8,35,128,9
"secretagent","EFS h+",6,true,8,30,115,6
"secretagent","EFS h+",7,true,8,30,115,8
"secretagent","EFS h+",8,true,8,35,128,8
"secretagent","EFS h+",9,true,8,35,128,8
"secretagent","EFS h+",10,true,8,35,128,8
"secretagent","EFS h_max",1,true,8,34,107,7
"secretagent","EFS h_max",2,true,8,34,107,8
"secretagent","EFS h_max",3,true,8,34,107,7
"secretagent","EFS h_max",4,true,8,34,107,8
"secretagent","EFS h_max",5,true,8,34,107,7
"secretagent","EFS h_max",6,true,8,34,107,8
"secretagent","EFS h_max",7,true,8,34,107,9
"secretagent","EFS h_max",8,true,8,34,107,8
"secretagent","EFS h_max",9,true,8,34,107,6
"secretagent","EFS h_max",10,true,8,34,107,12
"secretagent","EFS rp",1,true,8,34,115,8
"secretagent","EFS rp",2,true,8,34,115,7
"secretagent","EFS rp",3,true,8,34,115,7
"secretagent","EFS rp",4,true,8,39,128,8
"secretagent","EFS rp",5,true,8,34,115,6
"secretagent","EFS rp",6,true,8,34,115,7
"secretagent","EFS rp",7,true,8,34,115,6
"secretagent","EFS rp",8,true,8,34,115,9
"secretagent","EFS rp",9,true,8,34,115,7
"secretagent","EFS rp",10,true,8,34,115,7
"secretagent","EFS h+ + pruning ",1,true,8,30,118,9
"secretagent","EFS h+ + pruning ",2,true,8,35,131,13
"secretagent","EFS h+ + pruning ",3,true,8,35,131,17
"secretagent","EFS h+ + pruning ",4,true,8,30,118,10
"secretagent","EFS h+ + pruning ",5,true,8,35,131,16
"secretagent","EFS h+ + pruning ",6,true,8,30,118,13
"secretagent","EFS h+ + pruning ",7,true,8,30,118,11
"secretagent","EFS h+ + pruning ",8,true,8,35,131,12
"secretagent","EFS h+ + pruning ",9,true,8,35,131,16
"secretagent","EFS h+ + pruning ",10,true,8,35,131,16
"secretagent","EFS h_max + pruning ",1,true,8,34,111,12
"secretagent","EFS h_max + pruning ",2,true,8,34,111,12
"secretagent","EFS h_max + pruning ",3,true,8,34,111,10
"secretagent","EFS h_max + pruning ",4,true,8,34,111,12
"secretagent","EFS h_max + pruning ",5,true,8,34,111,10
"secretagent","EFS h_max + pruning ",6,true,8,34,111,24
"secretagent","EFS h_max + pruning ",7,true,8,34,111,9
"secretagent","EFS h_max + pruning ",8,true,8,34,111,11
"secretagent","EFS h_max + pruning ",9,true,8,34,111,12
"secretagent","EFS h_max + pruning ",10,true,8,34,111,11
"secretagent","EFS rp + pruning ",1,true,8,34,119,10
"secretagent","EFS rp + pruning ",2,true,8,34,119,10
"secretagent","EFS rp + pruning ",3,true,8,34,119,11
"secretagent","EFS rp + pruning ",4,true,8,39,132,14
"secretagent","EFS rp + pruning ",5,true,8,34,119,13
"secretagent","EFS rp + pruning ",6,true,8,34,119,10
"secretagent","EFS rp + pruning ",7,true,8,34,119,15
"secretagent","EFS rp + pruning ",8,true,8,34,119,14
"secretagent","EFS rp + pruning ",9,true,8,34,119,10
"secretagent","EFS rp + pruning ",10,true,8,34,119,14
"secretagent","GFS h+",1,true,8,221,492,10
"secretagent","GFS h+",2,true,8,225,504,12
"secretagent","GFS h+",3,true,8,225,504,9
"secretagent","GFS h+",4,true,8,221,492,12
"secretagent","GFS h+",5,true,8,225,504,14
"secretagent","GFS h+",6,true,8,221,492,9
"secretagent","GFS h+",7,true,8,221,492,9
"secretagent","GFS h+",8,true,8,225,504,10
"secretagent","GFS h+",9,true,8,225,504,12
"secretagent","GFS h+",10,true,8,225,504,14
"secretagent","GFS h_max",1,true,8,219,504,14
"secretagent","GFS h_max",2,true,8,219,504,14
"secretagent","GFS h_max",3,true,8,219,504,11
"secretagent","GFS h_max",4,true,8,219,504,12
"secretagent","GFS h_max",5,true,8,219,504,13
"secretagent","GFS h_max",6,true,8,219,504,13
"secretagent","GFS h_max",7,true,8,219,504,13
"secretagent","GFS h_max",8,true,8,219,504,11
"secretagent","GFS h_max",9,true,8,219,504,13
"secretagent","GFS h_max",10,true,8,219,504,11
"secretagent","GFS rp",1,true,8,218,491,10
"secretagent","GFS rp",2,true,8,218,491,10
"secretagent","GFS rp",3,true,8,218,491,13
"secretagent","GFS rp",4,true,8,185,423,9
"secretagent","GFS rp",5,true,8,218,491,12
"secretagent","GFS rp",6,true,8,218,491,12
"secretagent","GFS rp",7,true,8,218,491,12
"secretagent","GFS rp",8,true,8,218,491,13
"secretagent","GFS rp",9,true,8,218,491,33
"secretagent","GFS rp",10,true,8,218,491,19
"secretagent","GFS h+ + pruning ",1,true,8,77,173,20
"secretagent","GFS h+ + pruning ",2,true,8,81,183,17
"secretagent","GFS h+ + pruning ",3,true,8,81,183,15
"secretagent","GFS h+ + pruning ",4,true,8,77,173,15
"secretagent","GFS h+ + pruning ",5,true,8,81,183,16
"secretagent","GFS h+ + pruning ",6,true,8,77,173,16
"secretagent","GFS h+ + pruning ",7,true,8,77,173,14
"secretagent","GFS h+ + pruning ",8,true,8,81,183,16
"secretagent","GFS h+ + pruning ",9,true,8,81,183,18
"secretagent","GFS h+ + pruning ",10,true,8,81,183,15
"secretagent","GFS h_max + pruning ",1,true,8,72,167,13
"secretagent","GFS h_max + pruning ",2,true,8,72,167,11
"secretagent","GFS h_max + pruning ",3,true,8,72,167,11
"secretagent","GFS h_max + pruning ",4,true,8,72,167,11
"secretagent","GFS h_max + pruning ",5,true,8,72,167,10
"secretagent","GFS h_max + pruning ",6,true,8,72,167,11
"secretagent","GFS h_max + pruning ",7,true,8,72,167,12
"secretagent","GFS h_max + pruning ",8,true,8,72,167,13
"secretagent","GFS h_max + pruning ",9,true,8,72,167,12
"secretagent","GFS h_max + pruning ",10,true,8,72,167,11
"secretagent","GFS rp + pruning ",1,true,8,72,157,11
"secretagent","GFS rp + pruning ",2,true,8,72,157,9
"secretagent","GFS rp + pruning ",3,true,8,72,157,11
"secretagent","GFS rp + pruning ",4,true,8,73,161,11
"secretagent","GFS rp + pruning ",5,true,8,72,157,15
"secretagent","GFS rp + pruning ",6,true,8,72,157,11
"secretagent","GFS rp + pruning ",7,true,8,72,157,12
"secretagent","GFS rp + pruning ",8,true,8,72,157,12
"secretagent","GFS rp + pruning ",9,true,8,72,157,14
"secretagent","GFS rp + pruning ",10,true,8,72,157,11
"jailbreak_lose","BFS",1,true,4,636,12516,109
"jailbreak_lose","BFS",2,true,4,644,12678,-379
"jailbreak_lose","BFS",3,true,4,636,12516,-384
"jailbreak_lose","BFS",4,true,4,644,12678,-193115
"jailbreak_lose","BFS",5,true,4,644,12678,124
"jailbreak_lose","BFS",6,true,4,644,12678,106
"jailbreak_lose","BFS",7,true,4,636,12516,128
"jailbreak_lose","BFS",8,true,4,636,12516,116
"jailbreak_lose","BFS",9,true,4,644,12678,122
"jailbreak_lose","BFS",10,true,4,644,12678,119
"jailbreak_lose","BFS prune",1,true,4,539,8969,967
"jailbreak_lose","BFS prune",2,true,4,547,9123,955
"jailbreak_lose","BFS prune",3,true,4,539,8969,984
"jailbreak_lose","BFS prune",4,true,4,547,9123,1012
"jailbreak_lose","BFS prune",5,true,4,547,9123,949
"jailbreak_lose","BFS prune",6,true,4,547,9123,920
"jailbreak_lose","BFS prune",7,true,4,539,8969,956
"jailbreak_lose","BFS prune",8,true,4,539,8969,929
"jailbreak_lose","BFS prune",9,true,4,547,9123,861
"jailbreak_lose","BFS prune",10,true,4,547,9123,834
"jailbreak_lose","A* h+",1,true,4,472,10226,430
"jailbreak_lose","A* h+",2,true,4,472,10226,389
"jailbreak_lose","A* h+",3,true,4,472,10226,472
"jailbreak_lose","A* h+",4,true,4,472,10226,405
"jailbreak_lose","A* h+",5,true,4,472,10226,372
"jailbreak_lose","A* h+",6,true,4,472,10226,426
"jailbreak_lose","A* h+",7,true,4,472,10226,410
"jailbreak_lose","A* h+",8,true,4,472,10226,385
"jailbreak_lose","A* h+",9,true,4,472,10226,438
"jailbreak_lose","A* h+",10,true,4,472,10226,413
"jailbreak_lose","A* h_max",1,true,4,482,10486,363
"jailbreak_lose","A* h_max",2,true,4,482,10486,391
"jailbreak_lose","A* h_max",3,true,4,482,10486,404
"jailbreak_lose","A* h_max",4,true,4,482,10486,385
"jailbreak_lose","A* h_max",5,true,4,482,10486,377
"jailbreak_lose","A* h_max",6,true,4,482,10486,332
"jailbreak_lose","A* h_max",7,true,4,482,10486,392
"jailbreak_lose","A* h_max",8,true,4,482,10486,377
"jailbreak_lose","A* h_max",9,true,4,482,10486,408
"jailbreak_lose","A* h_max",10,true,4,482,10486,-147
"jailbreak_lose","A* rp",1,true,4,1042,11776,232
"jailbreak_lose","A* rp",2,true,4,1042,11776,297
"jailbreak_lose","A* rp",3,true,4,1042,11776,186
"jailbreak_lose","A* rp",4,true,4,1042,11776,-192536
"jailbreak_lose","A* rp",5,true,4,1042,11776,825
"jailbreak_lose","A* rp",6,true,4,1042,11776,770
"jailbreak_lose","A* rp",7,true,4,1042,11776,818
"jailbreak_lose","A* rp",8,true,4,1042,11776,759
"jailbreak_lose","A* rp",9,true,4,1042,11776,782
"jailbreak_lose","A* rp",10,true,4,1043,11803,790
"jailbreak_lose","A* h+ + pruning ",1,true,4,356,6067,620
"jailbreak_lose","A* h+ + pruning ",2,true,4,356,6067,705
"jailbreak_lose","A* h+ + pruning ",3,true,4,356,6067,684
"jailbreak_lose","A* h+ + pruning ",4,true,4,356,6067,682
"jailbreak_lose","A* h+ + pruning ",5,true,4,356,6067,689
"jailbreak_lose","A* h+ + pruning ",6,true,4,356,6067,741
"jailbreak_lose","A* h+ + pruning ",7,true,4,356,6067,721
"jailbreak_lose","A* h+ + pruning ",8,true,4,356,6067,735
"jailbreak_lose","A* h+ + pruning ",9,true,4,356,6067,724
"jailbreak_lose","A* h+ + pruning ",10,true,4,356,6067,755
"jailbreak_lose","A* h_max + pruning ",1,true,4,366,6309,713
"jailbreak_lose","A* h_max + pruning ",2,true,4,366,6309,750
"jailbreak_lose","A* h_max + pruning ",3,true,4,366,6309,741
"jailbreak_lose","A* h_max + pruning ",4,true,4,366,6309,742
"jailbreak_lose","A* h_max + pruning ",5,true,4,366,6309,744
"jailbreak_lose","A* h_max + pruning ",6,true,4,366,6309,755
"jailbreak_lose","A* h_max + pruning ",7,true,4,366,6309,753
"jailbreak_lose","A* h_max + pruning ",8,true,4,366,6309,757
"jailbreak_lose","A* h_max + pruning ",9,true,4,366,6309,720
"jailbreak_lose","A* h_max + pruning ",10,true,4,366,6309,728
"jailbreak_lose","A* rp + pruning ",1,true,4,686,7171,1115
"jailbreak_lose","A* rp + pruning ",2,true,4,686,7171,1144
"jailbreak_lose","A* rp + pruning ",3,true,4,686,7171,1128
"jailbreak_lose","A* rp + pruning ",4,true,4,686,7171,1111
"jailbreak_lose","A* rp + pruning ",5,true,4,686,7171,1094
"jailbreak_lose","A* rp + pruning ",6,true,4,686,7171,575
"jailbreak_lose","A* rp + pruning ",7,true,4,686,7171,444
"jailbreak_lose","A* rp + pruning ",8,true,4,686,7171,161
"jailbreak_lose","A* rp + pruning ",9,true,4,686,7171,84
"jailbreak_lose","A* rp + pruning ",10,true,4,687,7198,623
"jailbreak_lose","EFS h+",1,true,4,79592,173701,9353
"jailbreak_lose","EFS h+",2,true,4,79592,173701,9764
"jailbreak_lose","EFS h+",3,true,4,79592,173701,9432
"jailbreak_lose","EFS h+",4,true,4,79592,173701,9591
"jailbreak_lose","EFS h+",5,true,4,79592,173701,9601
"jailbreak_lose","EFS h+",6,true,4,79592,173701,202490
"jailbreak_lose","EFS h+",7,true,4,79592,173701,8862
"jailbreak_lose","EFS h+",8,true,4,79592,173701,8983
"jailbreak_lose","EFS h+",9,true,4,79592,173701,9703
"jailbreak_lose","EFS h+",10,true,4,79592,173701,9673
"jailbreak_lose","EFS h_max",1,true,4,2741,30514,1329
"jailbreak_lose","EFS h_max",2,true,4,2741,30514,1419
"jailbreak_lose","EFS h_max",3,true,4,2741,30514,1340
"jailbreak_lose","EFS h_max",4,true,4,2741,30514,1378
"jailbreak_lose","EFS h_max",5,true,4,2741,30514,1388
"jailbreak_lose","EFS h_max",6,true,4,2741,30514,1378
"jailbreak_lose","EFS h_max",7,true,4,2741,30514,1382
"jailbreak_lose","EFS h_max",8,true,4,2741,30514,1392
"jailbreak_lose","EFS h_max",9,true,4,2741,30514,1423
"jailbreak_lose","EFS h_max",10,true,4,2741,30514,1343
"jailbreak_lose","EFS rp",1,true,4,79602,173814,9312
"jailbreak_lose","EFS rp",2,true,4,79597,173759,9413
"jailbreak_lose","EFS rp",3,true,4,79602,173814,9606
"jailbreak_lose","EFS rp",4,true,4,79644,174186,9916
"jailbreak_lose","EFS rp",5,true,4,79607,173870,9434
"jailbreak_lose","EFS rp",6,true,4,79605,173847,9686
"jailbreak_lose","EFS rp",7,true,4,79609,173858,9241
"jailbreak_lose","EFS rp",8,true,4,79619,173954,9950
"jailbreak_lose","EFS rp",9,true,4,79605,173847,10173
"jailbreak_lose","EFS rp",10,true,4,96513,212101,12567
"jailbreak_lose","EFS h+ + pruning ",1,true,4,3504,26855,3270
"jailbreak_lose","EFS h+ + pruning ",2,true,4,3504,26855,3254
"jailbreak_lose","EFS h+ + pruning ",3,true,4,3504,26855,3287
"jailbreak_lose","EFS h+ + pruning ",4,true,4,3504,26855,3270
"jailbreak_lose","EFS h+ + pruning ",5,true,4,3504,26855,3615
"jailbreak_lose","EFS h+ + pruning ",6,true,4,3504,26855,3843
"jailbreak_lose","EFS h+ + pruning ",7,true,4,3504,26855,3630
"jailbreak_lose","EFS h+ + pruning ",8,true,4,3504,26855,3800
"jailbreak_lose","EFS h+ + pruning ",9,true,4,3504,26855,3910
"jailbreak_lose","EFS h+ + pruning ",10,true,4,3504,26855,4554
"jailbreak_lose","EFS h_max + pruning ",1,true,4,1388,16457,2309
"jailbreak_lose","EFS h_max + pruning ",2,true,4,1388,16457,2338
"jailbreak_lose","EFS h_max + pruning ",3,true,4,1388,16457,2271
"jailbreak_lose","EFS h_max + pruning ",4,true,4,1388,16457,2138
"jailbreak_lose","EFS h_max + pruning ",5,true,4,1388,16457,2030
"jailbreak_lose","EFS h_max + pruning ",6,true,4,1388,16457,1984
"jailbreak_lose","EFS h_max + pruning ",7,true,4,1388,16457,1976
"jailbreak_lose","EFS h_max + pruning ",8,true,4,1388,16457,1998
"jailbreak_lose","EFS h_max + pruning ",9,true,4,1388,16457,2029
"jailbreak_lose","EFS h_max + pruning ",10,true,4,1388,16457,1992
"jailbreak_lose","EFS rp + pruning ",1,true,4,3510,26886,4542
"jailbreak_lose","EFS rp + pruning ",2,true,4,3505,26862,4802
"jailbreak_lose","EFS rp + pruning ",3,true,4,3511,26884,4803
"jailbreak_lose","EFS rp + pruning ",4,true,4,3540,27153,4770
"jailbreak_lose","EFS rp + pruning ",5,true,4,3513,26888,4789
"jailbreak_lose","EFS rp + pruning ",6,true,4,3512,26881,4827
"jailbreak_lose","EFS rp + pruning ",7,true,4,3515,26961,4490
"jailbreak_lose","EFS rp + pruning ",8,true,4,3523,27006,4318
"jailbreak_lose","EFS rp + pruning ",9,true,4,3514,26894,3128
"jailbreak_lose","EFS rp + pruning ",10,true,4,4313,33474,3139
"jailbreak_lose","GFS h+",1,true,4,465371,550734,26036
"jailbreak_lose","GFS h+",2,true,4,465371,550734,26383
"jailbreak_lose","GFS h+",3,true,4,465371,550734,26464
"jailbreak_lose","GFS h+",4,true,4,465371,550734,26574
"jailbreak_lose","GFS h+",5,true,4,465371,550734,27142
"jailbreak_lose","GFS h+",6,true,4,465371,550734,26939
"jailbreak_lose","GFS h+",7,true,4,465371,550734,26595
"jailbreak_lose","GFS h+",8,true,4,465371,550734,26402
"jailbreak_lose","GFS h+",9,true,4,465371,550734,27416
"jailbreak_lose","GFS h+",10,true,4,465371,550734,27678
"jailbreak_lose","GFS h_max",1,true,4,5737,61295,2101
"jailbreak_lose","GFS h_max",2,true,4,5737,61295,2109
"jailbreak_lose","GFS h_max",3,true,4,5737,61295,2169
"jailbreak_lose","GFS h_max",4,true,4,5737,61295,2622
"jailbreak_lose","GFS h_max",5,true,4,5737,61295,2643
"jailbreak_lose","GFS h_max",6,true,4,5737,61295,2587
"jailbreak_lose","GFS h_max",7,true,4,5737,61295,2640
"jailbreak_lose","GFS h_max",8,true,4,5737,61295,2793
"jailbreak_lose","GFS h_max",9,true,4,5737,61295,2747
"jailbreak_lose","GFS h_max",10,true,4,5737,61295,2271
"jailbreak_lose","GFS rp",1,true,4,427,5118,202
"jailbreak_lose","GFS rp",2,true,4,427,5118,235
"jailbreak_lose","GFS rp",3,true,4,427,5118,192
"jailbreak_lose","GFS rp",4,true,4,427,5118,243
"jailbreak_lose","GFS rp",5,true,4,427,5118,207
"jailbreak_lose","GFS rp",6,true,4,427,5118,228
"jailbreak_lose","GFS rp",7,true,4,427,5118,193
"jailbreak_lose","GFS rp",8,true,4,427,5118,240
"jailbreak_lose","GFS rp",9,true,4,427,5118,194
"jailbreak_lose","GFS rp",10,true,4,428,5132,254
"jailbreak_lose","GFS h+ + pruning ",1,true,4,12445,80849,14929
"jailbreak_lose","GFS h+ + pruning ",2,true,4,12445,80849,14972
"jailbreak_lose","GFS h+ + pruning ",3,true,4,12445,80849,15304
"jailbreak_lose","GFS h+ + pruning ",4,true,4,12445,80849,15294
"jailbreak_lose","GFS h+ + pruning ",5,true,4,12445,80849,15055
"jailbreak_lose","GFS h+ + pruning ",6,true,4,12445,80849,15302
"jailbreak_lose","GFS h+ + pruning ",7,true,4,12445,80849,16162
"jailbreak_lose","GFS h+ + pruning ",8,true,4,12445,80849,16314
"jailbreak_lose","GFS h+ + pruning ",9,true,4,12445,80849,16057
"jailbreak_lose","GFS h+ + pruning ",10,true,4,12445,80849,16125
"jailbreak_lose","GFS h_max + pruning ",1,true,4,2669,31914,4879
"jailbreak_lose","GFS h_max + pruning ",2,true,4,2669,31914,4966
"jailbreak_lose","GFS h_max + pruning ",3,true,4,2669,31914,4945
"jailbreak_lose","GFS h_max + pruning ",4,true,4,2669,31914,5617
"jailbreak_lose","GFS h_max + pruning ",5,true,4,2669,31914,5647
"jailbreak_lose","GFS h_max + pruning ",6,true,4,2669,31914,5723
"jailbreak_lose","GFS h_max + pruning ",7,true,4,2669,31914,5693
"jailbreak_lose","GFS h_max + pruning ",8,true,4,2669,31914,5301
"jailbreak_lose","GFS h_max + pruning ",9,true,4,2669,31914,5314
"jailbreak_lose","GFS h_max + pruning ",10,true,4,2669,31914,4568
"jailbreak_lose","GFS rp + pruning ",1,true,4,311,3963,398
"jailbreak_lose","GFS rp + pruning ",2,true,4,311,3963,411
"jailbreak_lose","GFS rp + pruning ",3,true,4,311,3963,378
"jailbreak_lose","GFS rp + pruning ",4,true,4,311,3963,398
"jailbreak_lose","GFS rp + pruning ",5,true,4,311,3963,359
"jailbreak_lose","GFS rp + pruning ",6,true,4,311,3963,382
"jailbreak_lose","GFS rp + pruning ",7,true,4,311,3963,538
"jailbreak_lose","GFS rp + pruning ",8,true,4,311,3963,520
"jailbreak_lose","GFS rp + pruning ",9,true,4,311,3963,539
"jailbreak_lose","GFS rp + pruning ",10,true,4,312,3977,529
"jailbreak_escape","BFS",1,true,6,942550,12747107,103222
"jailbreak_escape","BFS",2,true,6,942369,12743052,103441
"jailbreak_escape","BFS",3,true,6,976658,13421090,109072
"jailbreak_escape","BFS",4,true,6,942382,12743318,103080
"jailbreak_escape","BFS",5,true,6,942535,12746827,101658
"jailbreak_escape","BFS",6,true,6,961073,13105607,106327
"jailbreak_escape","BFS",7,true,6,942548,12747093,103129
"jailbreak_escape","BFS",8,true,6,961075,13105629,106770
"jailbreak_escape","BFS",9,true,6,961060,13105319,129849
"jailbreak_escape","BFS",10,true,6,976657,13421056,133589
"jailbreak_escape","BFS prune",1,true,6,135434,1401597,365452
"jailbreak_escape","BFS prune",2,true,6,135378,1400600,365651
"jailbreak_escape","BFS prune",3,true,6,138828,1451789,385538
"jailbreak_escape","BFS prune",4,true,6,135383,1400702,368242
"jailbreak_escape","BFS prune",5,true,6,135427,1401451,368422
"jailbreak_escape","BFS prune",6,true,6,137317,1429029,377452
"jailbreak_escape","BFS prune",7,true,6,135432,1401553,339321
"jailbreak_escape","BFS prune",8,true,6,137319,1429073,341673
"jailbreak_escape","BFS prune",9,true,6,137312,1428927,212369
"jailbreak_escape","BFS prune",10,true,6,138827,1451769,214831
"jailbreak_escape","A* h+",1,true,6,199071,3231432,128792
"jailbreak_escape","A* h+",2,true,6,199071,3231432,133691
"jailbreak_escape","A* h+",3,true,6,199535,3236446,134331
"jailbreak_escape","A* h+",4,true,6,199071,3231432,131383
"jailbreak_escape","A* h+",5,true,6,199071,3231432,133537
"jailbreak_escape","A* h+",6,true,6,199339,3234159,129866
"jailbreak_escape","A* h+",7,true,6,199071,3231432,126823
"jailbreak_escape","A* h+",8,true,6,199339,3234159,133339
"jailbreak_escape","A* h+",9,true,6,199339,3234159,134558
"jailbreak_escape","A* h+",10,true,6,199535,3236446,135919
"jailbreak_escape","A* h_max",1,true,6,200673,2313148,77747
"jailbreak_escape","A* h_max",2,true,6,200673,2313148,80320
"jailbreak_escape","A* h_max",3,true,6,201137,2316466,80245
"jailbreak_escape","A* h_max",4,true,6,200673,2313148,80620
"jailbreak_escape","A* h_max",5,true,6,200673,2313148,272084
"jailbreak_escape","A* h_max",6,true,6,200941,2315004,76845
"jailbreak_escape","A* h_max",7,true,6,200673,2313148,76979
"jailbreak_escape","A* h_max",8,true,6,200941,2315004,78525
"jailbreak_escape","A* h_max",9,true,6,200941,2315004,77428
"jailbreak_escape","A* h_max",10,true,6,201137,2316466,75654
"jailbreak_escape","A* rp",1,true,7,166928,2386723,110491
"jailbreak_escape","A* rp",2,true,7,151377,2165349,102687
"jailbreak_escape","A* rp",3,true,7,152227,2173896,-94906
"jailbreak_escape","A* rp",4,true,7,152290,2175547,102771
"jailbreak_escape","A* rp",5,true,7,151661,2168984,103443
"jailbreak_escape","A* rp",6,true,7,167041,2387824,109561
"jailbreak_escape","A* rp",7,true,7,151368,2165257,98631
"jailbreak_escape","A* rp",8,true,7,152299,2175644,101077
"jailbreak_escape","A* rp",9,true,7,152389,2175970,105413
"jailbreak_escape","A* rp",10,true,7,152255,2180547,106910
"jailbreak_escape","A* h+ + pruning ",1,true,6,24799,299078,36257
"jailbreak_escape","A* h+ + pruning ",2,true,6,24799,299078,58985
"jailbreak_escape","A* h+ + pruning ",3,true,6,24911,299975,71185
"jailbreak_escape","A* h+ + pruning ",4,true,6,24799,299078,72404
"jailbreak_escape","A* h+ + pruning ",5,true,6,24799,299078,75664
"jailbreak_escape","A* h+ + pruning ",6,true,6,24865,299629,76818
"jailbreak_escape","A* h+ + pruning ",7,true,6,24799,299078,76420
"jailbreak_escape","A* h+ + pruning ",8,true,6,24865,299629,82082
"jailbreak_escape","A* h+ + pruning ",9,true,6,24865,299629,83957
"jailbreak_escape","A* h+ + pruning ",10,true,6,24911,299975,85441
"jailbreak_escape","A* h_max + pruning ",1,true,6,26105,293570,86124
"jailbreak_escape","A* h_max + pruning ",2,true,6,26105,293570,86559
"jailbreak_escape","A* h_max + pruning ",3,true,6,26217,294430,86503
"jailbreak_escape","A* h_max + pruning ",4,true,6,26105,293570,86500
"jailbreak_escape","A* h_max + pruning ",5,true,6,26105,293570,86718
"jailbreak_escape","A* h_max + pruning ",6,true,6,26171,294100,85593
"jailbreak_escape","A* h_max + pruning ",7,true,6,26105,293570,85586
"jailbreak_escape","A* h_max + pruning ",8,true,6,26171,294100,85970
"jailbreak_escape","A* h_max + pruning ",9,true,6,26171,294100,85178
"jailbreak_escape","A* h_max + pruning ",10,true,6,26217,294430,84964
"jailbreak_escape","A* rp + pruning ",1,true,7,20695,225532,55789
"jailbreak_escape","A* rp + pruning ",2,true,7,19032,204448,48867
"jailbreak_escape","A* rp + pruning ",3,true,7,19504,208532,50668
"jailbreak_escape","A* rp + pruning ",4,true,7,19206,205673,48212
"jailbreak_escape","A* rp + pruning ",5,true,7,19070,204612,46853
"jailbreak_escape","A* rp + pruning ",6,true,7,20706,225634,49903
"jailbreak_escape","A* rp + pruning ",7,true,7,19023,204350,44992
"jailbreak_escape","A* rp + pruning ",8,true,7,19215,205781,43059
"jailbreak_escape","A* rp + pruning ",9,true,7,19534,208599,40125
"jailbreak_escape","A* rp + pruning ",10,true,7,19365,208646,37383
"jailbreak_escape","EFS h+",1,false,,1000000,2118898,109392
"jailbreak_escape","EFS h+",2,false,,1000000,2118829,111982
"jailbreak_escape","EFS h+",3,false,,1000000,2118630,111099
"jailbreak_escape","EFS h+",4,false,,1000000,2119032,111293
"jailbreak_escape","EFS h+",5,false,,1000000,2118821,112976
"jailbreak_escape","EFS h+",6,false,,1000000,2118776,111173
"jailbreak_escape","EFS h+",7,false,,1000000,2118954,110686
"jailbreak_escape","EFS h+",8,false,,1000000,2118910,108627
"jailbreak_escape","EFS h+",9,false,,1000000,2118910,113531
"jailbreak_escape","EFS h+",10,false,,1000000,2118630,112518
"jailbreak_escape","EFS h_max",1,true,6,104407,1090684,43102
"jailbreak_escape","EFS h_max",2,true,6,102994,1075846,44126
"jailbreak_escape","EFS h_max",3,true,6,102127,1068851,43690
"jailbreak_escape","EFS h_max",4,true,6,101811,1064586,43255
"jailbreak_escape","EFS h_max",5,true,6,104603,1092766,45029
"jailbreak_escape","EFS h_max",6,true,6,102381,1068847,44065
"jailbreak_escape","EFS h_max",7,true,6,103666,1082645,42670
"jailbreak_escape","EFS h_max",8,true,6,101474,1061071,41291
"jailbreak_escape","EFS h_max",9,true,6,101473,1061060,41015
"jailbreak_escape","EFS h_max",10,true,6,103261,1079271,42120
"jailbreak_escape","EFS rp",1,false,,1000000,2128340,110264
"jailbreak_escape","EFS rp",2,false,,1000000,2112250,-78631
"jailbreak_escape","EFS rp",3,false,,1000000,2120400,115737
"jailbreak_escape","EFS rp",4,false,,1000000,2155522,120144
"jailbreak_escape","EFS rp",5,false,,1000000,2131002,118232
"jailbreak_escape","EFS rp",6,false,,1000000,2136704,117662
"jailbreak_escape","EFS rp",7,false,,1000000,2122879,115299
"jailbreak_escape","EFS rp",8,false,,1000000,2131844,116822
"jailbreak_escape","EFS rp",9,false,,1000000,2128515,119494
"jailbreak_escape","EFS rp",10,false,,1000000,2142663,123531
"jailbreak_escape","EFS h+ + pruning ",1,true,6,65048,504190,52173
"jailbreak_escape","EFS h+ + pruning ",2,true,6,65019,503488,58158
"jailbreak_escape","EFS h+ + pruning ",3,true,6,63839,492692,57022
"jailbreak_escape","EFS h+ + pruning ",4,true,6,64096,497122,57023
"jailbreak_escape","EFS h+ + pruning ",5,true,6,65066,504278,58448
"jailbreak_escape","EFS h+ + pruning ",6,true,6,65003,503456,60512
"jailbreak_escape","EFS h+ + pruning ",7,true,6,65114,505003,64153
"jailbreak_escape","EFS h+ + pruning ",8,true,6,64042,496090,65245
"jailbreak_escape","EFS h+ + pruning ",9,true,6,64042,496090,65403
"jailbreak_escape","EFS h+ + pruning ",10,true,6,64886,501196,66388
"jailbreak_escape","EFS h_max + pruning ",1,true,6,12999,170379,17980
"jailbreak_escape","EFS h_max + pruning ",2,true,6,12771,166801,20397
"jailbreak_escape","EFS h_max + pruning ",3,true,6,12608,164626,20546
"jailbreak_escape","EFS h_max + pruning ",4,true,6,12321,161223,20029
"jailbreak_escape","EFS h_max + pruning ",5,true,6,13010,170588,21311
"jailbreak_escape","EFS h_max + pruning ",6,true,6,12452,161750,19922
"jailbreak_escape","EFS h_max + pruning ",7,true,6,12825,167825,21144
"jailbreak_escape","EFS h_max + pruning ",8,true,6,12290,160377,19889
"jailbreak_escape","EFS h_max + pruning ",9,true,6,12250,159872,20343
"jailbreak_escape","EFS h_max + pruning ",10,true,6,12897,168182,21251
"jailbreak_escape","EFS rp + pruning ",1,true,7,69611,542977,78065
"jailbreak_escape","EFS rp + pruning ",2,true,7,60451,455679,67380
"jailbreak_escape","EFS rp + pruning ",3,true,7,61022,459056,68498
"jailbreak_escape","EFS rp + pruning ",4,true,7,62575,472574,71251
"jailbreak_escape","EFS rp + pruning ",5,true,7,61319,460594,69422
"jailbreak_escape","EFS rp + pruning ",6,true,7,70113,545030,76827
"jailbreak_escape","EFS rp + pruning ",7,true,7,61407,464170,68170
"jailbreak_escape","EFS rp + pruning ",8,true,7,61345,462410,66691
"jailbreak_escape","EFS rp + pruning ",9,true,7,61237,459931,43878
"jailbreak_escape","EFS rp + pruning ",10,true,7,63843,482429,44213
"jailbreak_escape","GFS h+",1,false,,1000000,1276611,62443
"jailbreak_escape","GFS h+",2,false,,1000000,1275983,63404
"jailbreak_escape","GFS h+",3,false,,1000000,1250138,61749
"jailbreak_escape","GFS h+",4,false,,1000000,1275983,63792
"jailbreak_escape","GFS h+",5,false,,1000000,1276611,64199
"jailbreak_escape","GFS h+",6,false,,1000000,1250260,61641
"jailbreak_escape","GFS h+",7,false,,1000000,1276611,62832
"jailbreak_escape","GFS h+",8,false,,1000000,1250248,62356
"jailbreak_escape","GFS h+",9,false,,1000000,1250248,62070
"jailbreak_escape","GFS h+",10,false,,1000000,1250138,63271
"jailbreak_escape","GFS h_max",1,false,,1000000,10479513,433602
"jailbreak_escape","GFS h_max",2,false,,1000000,10476195,446642
"jailbreak_escape","GFS h_max",3,false,,1000000,10470585,443363
"jailbreak_escape","GFS h_max",4,false,,1000000,10486062,442299
"jailbreak_escape","GFS h_max",5,false,,1000000,10479541,445628
"jailbreak_escape","GFS h_max",6,false,,1000000,10485908,445161
"jailbreak_escape","GFS h_max",7,false,,1000000,10486097,445482
"jailbreak_escape","GFS h_max",8,false,,1000000,10486155,442838
"jailbreak_escape","GFS h_max",9,false,,1000000,10486148,460830
"jailbreak_escape","GFS h_max",10,false,,1000000,10470568,439855
"jailbreak_escape","GFS rp",1,false,,1000000,1253032,74493
"jailbreak_escape","GFS rp",2,false,,1000000,1238497,76256
"jailbreak_escape","GFS rp",3,false,,1000000,1253002,72085
"jailbreak_escape","GFS rp",4,false,,1000000,1238428,-118018
"jailbreak_escape","GFS rp",5,false,,1000000,1253213,71448
"jailbreak_escape","GFS rp",6,false,,1000000,1252956,71262
"jailbreak_escape","GFS rp",7,false,,1000000,1230612,66529
"jailbreak_escape","GFS rp",8,false,,1000000,1245271,69220
"jailbreak_escape","GFS rp",9,false,,1000000,1253196,65104
"jailbreak_escape","GFS rp",10,false,,1000000,1230666,66961
"jailbreak_escape","GFS h+ + pruning ",1,true,6,351018,2313309,420104
"jailbreak_escape","GFS h+ + pruning ",2,true,6,351016,2313271,421709
"jailbreak_escape","GFS h+ + pruning ",3,true,6,351485,2316666,436580
"jailbreak_escape","GFS h+ + pruning ",4,true,6,351010,2313156,439980
"jailbreak_escape","GFS h+ + pruning ",5,true,6,351018,2313309,449645
"jailbreak_escape","GFS h+ + pruning ",6,true,6,351452,2316114,452214
"jailbreak_escape","GFS h+ + pruning ",7,true,6,351020,2313293,494307
"jailbreak_escape","GFS h+ + pruning ",8,true,6,351444,2316015,496089
"jailbreak_escape","GFS h+ + pruning ",9,true,6,351444,2316015,494697
"jailbreak_escape","GFS h+ + pruning ",10,true,6,351493,2316765,496957
"jailbreak_escape","GFS h_max + pruning ",1,true,6,66531,814888,152261
"jailbreak_escape","GFS h_max + pruning ",2,true,6,66513,814563,153433
"jailbreak_escape","GFS h_max + pruning ",3,true,6,66977,819918,154382
"jailbreak_escape","GFS h_max + pruning ",4,true,6,66516,814630,152357
"jailbreak_escape","GFS h_max + pruning ",5,true,6,66546,815058,153488
"jailbreak_escape","GFS h_max + pruning ",6,true,6,66754,816793,154773
"jailbreak_escape","GFS h_max + pruning ",7,true,6,66540,814902,154232
"jailbreak_escape","GFS h_max + pruning ",8,true,6,66793,817356,155269
"jailbreak_escape","GFS h_max + pruning ",9,true,6,66793,817356,156043
"jailbreak_escape","GFS h_max + pruning ",10,true,6,66985,820006,155746
"jailbreak_escape","GFS rp + pruning ",1,true,7,201189,1277294,305803
"jailbreak_escape","GFS rp + pruning ",2,true,7,196293,1242706,293004
"jailbreak_escape","GFS rp + pruning ",3,true,7,196446,1244090,293618
"jailbreak_escape","GFS rp + pruning ",4,true,7,199049,1262001,300413
"jailbreak_escape","GFS rp + pruning ",5,true,7,197523,1248612,288177
"jailbreak_escape","GFS rp + pruning ",6,true,7,201392,1278874,294769
"jailbreak_escape","GFS rp + pruning ",7,true,7,196630,1245877,285087
"jailbreak_escape","GFS rp + pruning ",8,true,7,198265,1254888,286989
"jailbreak_escape","GFS rp + pruning ",9,true,7,197586,1249127,193554
"jailbreak_escape","GFS rp + pruning ",10,true,7,217768,1395604,204176
"basketball_any","BFS",1,true,4,1078,30308,-5
"basketball_any","BFS",2,true,4,1058,30002,507
"basketball_any","BFS",3,true,4,893,23999,375
"basketball_any","BFS",4,true,4,2218,65881,1211
"basketball_any","BFS",5,true,4,1038,29680,476
"basketball_any","BFS",6,true,4,1028,29511,-13
"basketball_any","BFS",7,true,4,2218,65881,1104
"basketball_any","BFS",8,true,4,1058,29970,487
"basketball_any","BFS",9,true,4,2228,66018,1191
"basketball_any","BFS",10,true,4,923,24490,355
"basketball_any","BFS prune",1,true,4,897,24780,3710
"basketball_any","BFS prune",2,true,4,881,24546,4102
"basketball_any","BFS prune",3,true,4,744,20098,2555
"basketball_any","BFS prune",4,true,4,1621,46372,7308
"basketball_any","BFS prune",5,true,4,865,24296,3583
"basketball_any","BFS prune",6,true,4,858,24181,3599
"basketball_any","BFS prune",7,true,4,1621,46372,7763
"basketball_any","BFS prune",8,true,4,883,24550,4101
"basketball_any","BFS prune",9,true,4,1630,46491,7041
"basketball_any","BFS prune",10,true,4,767,20463,3144
"basketball_any","A* h+",1,true,3,183313,602450,57628
"basketball_any","A* h+",2,true,3,182915,601981,59006
"basketball_any","A* h+",3,true,3,177737,666819,69773
"basketball_any","A* h+",4,true,3,176387,581677,60302
"basketball_any","A* h+",5,true,3,184638,601639,62245
"basketball_any","A* h+",6,true,3,184045,602562,62263
"basketball_any","A* h+",7,true,3,176337,581506,59566
"basketball_any","A* h+",8,true,3,182854,601188,61098
"basketball_any","A* h+",9,true,3,177353,582843,60459
"basketball_any","A* h+",10,true,3,179326,669251,71170
"basketball_any","A* h_max",1,true,4,840,21855,2334
"basketball_any","A* h_max",2,true,4,843,21896,2391
"basketball_any","A* h_max",3,true,4,726,18321,1952
"basketball_any","A* h_max",4,true,4,1184,31874,3108
"basketball_any","A* h_max",5,true,4,838,21861,1861
"basketball_any","A* h_max",6,true,4,839,21813,1791
"basketball_any","A* h_max",7,true,4,1191,32055,-189798
"basketball_any","A* h_max",8,true,4,843,21896,2395
"basketball_any","A* h_max",9,true,4,1185,31889,2970
"basketball_any","A* h_max",10,true,4,730,18387,1990
"basketball_any","A* rp",1,true,3,32586,686967,70712
"basketball_any","A* rp",2,true,4,248401,3037148,363782
"basketball_any","A* rp",3,true,3,23000,540576,58509
"basketball_any","A* rp",4,true,3,25113,604676,63989
"basketball_any","A* rp",5,true,3,16412,365046,38975
"basketball_any","A* rp",6,true,4,26829,656288,71701
"basketball_any","A* rp",7,true,4,34384,775718,-109765
"basketball_any","A* rp",8,true,4,33476,750558,80494
"basketball_any","A* rp",9,true,4,17331,417584,41265
"basketball_any","A* rp",10,true,4,135465,1385573,155300
"basketball_any","A* h+ + pruning ",1,true,3,77234,434649,66395
"basketball_any","A* h+ + pruning ",2,true,3,77620,437819,68861
"basketball_any","A* h+ + pruning ",3,true,3,79402,518163,96350
"basketball_any","A* h+ + pruning ",4,true,3,75531,427191,74289
"basketball_any","A* h+ + pruning ",5,true,3,78119,438378,79434
"basketball_any","A* h+ + pruning ",6,true,3,78126,439260,83536
"basketball_any","A* h+ + pruning ",7,true,3,75539,427301,81552
"basketball_any","A* h+ + pruning ",8,true,3,86018,466560,90881
"basketball_any","A* h+ + pruning ",9,true,3,75202,425332,85656
"basketball_any","A* h+ + pruning ",10,true,3,79172,515587,301555
"basketball_any","A* h_max + pruning ",1,true,4,848,25921,4500
"basketball_any","A* h_max + pruning ",2,true,4,847,25940,4248
"basketball_any","A* h_max + pruning ",3,true,4,724,21694,3611
"basketball_any","A* h_max + pruning ",4,true,4,1169,35236,6162
"basketball_any","A* h_max + pruning ",5,true,4,842,25827,4611
"basketball_any","A* h_max + pruning ",6,true,4,843,25845,4588
"basketball_any","A* h_max + pruning ",7,true,4,1172,35360,6337
"basketball_any","A* h_max + pruning ",8,true,4,847,25938,4694
"basketball_any","A* h_max + pruning ",9,true,4,1170,35249,6226
"basketball_any","A* h_max + pruning ",10,true,4,728,21767,4005
"basketball_any","A* rp + pruning ",1,true,3,16955,424910,89124
"basketball_any","A* rp + pruning ",2,true,3,83062,1282527,249351
"basketball_any","A* rp + pruning ",3,true,3,13223,353939,76122
"basketball_any","A* rp + pruning ",4,true,3,15813,431153,90790
"basketball_any","A* rp + pruning ",5,true,3,10194,274976,-134642
"basketball_any","A* rp + pruning ",6,true,4,14132,410414,81480
"basketball_any","A* rp + pruning ",7,true,4,893,31440,5694
"basketball_any","A* rp + pruning ",8,true,4,17196,470574,84920
"basketball_any","A* rp + pruning ",9,true,4,9691,269995,47002
"basketball_any","A* rp + pruning ",10,true,4,65115,928697,177261
"basketball_any","EFS h+",1,true,3,32364,157744,15558
"basketball_any","EFS h+",2,true,3,32428,157571,15864
"basketball_any","EFS h+",3,true,3,335122,1216360,131893
"basketball_any","EFS h+",4,true,3,29695,144598,13904
"basketball_any","EFS h+",5,true,3,32438,157726,15514
"basketball_any","EFS h+",6,true,3,32332,157752,15640
"basketball_any","EFS h+",7,true,3,28676,137775,13233
"basketball_any","EFS h+",8,true,3,32365,157804,14303
"basketball_any","EFS h+",9,true,3,28735,138018,11665
"basketball_any","EFS h+",10,true,3,334193,1212253,139847
"basketball_any","EFS h_max",1,true,3,5008,67109,6170
"basketball_any","EFS h_max",2,true,3,3189,42440,3836
"basketball_any","EFS h_max",3,true,3,33998,341429,34560
"basketball_any","EFS h_max",4,true,3,9114,141110,13714
"basketball_any","EFS h_max",5,true,3,3166,42101,3822
"basketball_any","EFS h_max",6,true,3,3171,42289,4008
"basketball_any","EFS h_max",7,true,3,9135,141285,14167
"basketball_any","EFS h_max",8,true,3,5029,67411,6268
"basketball_any","EFS h_max",9,true,3,9126,141504,13782
"basketball_any","EFS h_max",10,true,3,34377,344897,35186
"basketball_any","EFS rp",1,false,,1000000,3637277,385784
"basketball_any","EFS rp",2,true,3,252503,1005452,108374
"basketball_any","EFS rp",3,true,3,306268,1219105,128888
"basketball_any","EFS rp",4,true,3,900335,4233050,406205
"basketball_any","EFS rp",5,true,3,41358,218280,21376
"basketball_any","EFS rp",6,false,,1000000,4623766,433311
"basketball_any","EFS rp",7,true,3,890105,4190724,392487
"basketball_any","EFS rp",8,true,3,242467,973493,100188
"basketball_any","EFS rp",9,true,4,433059,1777727,179090
"basketball_any","EFS rp",10,true,3,97050,440100,39150
"basketball_any","EFS h+ + pruning ",1,true,3,14786,107953,12338
"basketball_any","EFS h+ + pruning ",2,true,3,14775,107718,13924
"basketball_any","EFS h+ + pruning ",3,true,3,103412,663298,126206
"basketball_any","EFS h+ + pruning ",4,true,3,12843,94138,11176
"basketball_any","EFS h+ + pruning ",5,true,3,14786,107955,13644
"basketball_any","EFS h+ + pruning ",6,true,3,14786,107955,14143
"basketball_any","EFS h+ + pruning ",7,true,3,12792,93925,12160
"basketball_any","EFS h+ + pruning ",8,true,3,14794,107981,13069
"basketball_any","EFS h+ + pruning ",9,true,3,12843,94141,12237
"basketball_any","EFS h+ + pruning ",10,true,3,103368,662859,130789
"basketball_any","EFS h_max + pruning ",1,true,3,2162,50754,5832
"basketball_any","EFS h_max + pruning ",2,true,3,1407,33421,3724
"basketball_any","EFS h_max + pruning ",3,true,3,7848,192539,26948
"basketball_any","EFS h_max + pruning ",4,true,3,4631,112508,15217
"basketball_any","EFS h_max + pruning ",5,true,3,1412,33560,3889
"basketball_any","EFS h_max + pruning ",6,true,3,1407,33426,3597
"basketball_any","EFS h_max + pruning ",7,true,3,4631,112514,16225
"basketball_any","EFS h_max + pruning ",8,true,3,2163,50984,199228
"basketball_any","EFS h_max + pruning ",9,true,3,4644,112778,16891
"basketball_any","EFS h_max + pruning ",10,true,3,7860,192794,28496
"basketball_any","EFS rp + pruning ",1,true,3,293902,1911569,347013
"basketball_any","EFS rp + pruning ",2,true,3,60032,426979,66755
"basketball_any","EFS rp + pruning ",3,true,3,86160,599563,97979
"basketball_any","EFS rp + pruning ",4,true,3,262200,1811024,353197
"basketball_any","EFS rp + pruning ",5,true,3,17507,138407,18701
"basketball_any","EFS rp + pruning ",6,true,3,411470,2787224,537634
"basketball_any","EFS rp + pruning ",7,true,4,78287,571524,105750
"basketball_any","EFS rp + pruning ",8,true,3,55921,407555,68012
"basketball_any","EFS rp + pruning ",9,true,4,118476,803742,147718
"basketball_any","EFS rp + pruning ",10,true,3,45433,327051,54589
"basketball_any","GFS h+",1,true,3,12099,45930,4995
"basketball_any","GFS h+",2,true,3,12106,46018,-188258
"basketball_any","GFS h+",3,false,,1000000,1682363,214365
"basketball_any","GFS h+",4,true,3,12011,45785,4618
"basketball_any","GFS h+",5,true,3,21576,73830,7100
"basketball_any","GFS h+",6,true,3,12086,45776,4829
"basketball_any","GFS h+",7,true,3,12007,45826,4610
"basketball_any","GFS h+",8,true,3,12099,45930,4701
"basketball_any","GFS h+",9,true,3,12005,45713,4481
"basketball_any","GFS h+",10,false,,1000000,1682077,216179
"basketball_any","GFS h_max",1,true,3,72027,786278,98011
"basketball_any","GFS h_max",2,true,3,2199,29687,2986
"basketball_any","GFS h_max",3,true,3,12762,152950,16727
"basketball_any","GFS h_max",4,true,3,1938,25049,2645
"basketball_any","GFS h_max",5,true,3,2223,30109,2698
"basketball_any","GFS h_max",6,true,3,2160,29113,3079
"basketball_any","GFS h_max",7,true,3,1982,25646,-190419
"basketball_any","GFS h_max",8,true,3,2182,29427,2653
"basketball_any","GFS h_max",9,true,3,1941,25091,2807
"basketball_any","GFS h_max",10,true,3,12769,153036,16961
"basketball_any","GFS rp",1,true,3,292676,500569,59924
"basketball_any","GFS rp",2,true,3,15032,62231,7197
"basketball_any","GFS rp",3,true,3,210650,328521,39388
"basketball_any","GFS rp",4,true,3,9542,31034,3949
"basketball_any","GFS rp",5,true,3,11148,53638,5499
"basketball_any","GFS rp",6,true,3,15750,68460,7742
"basketball_any","GFS rp",7,true,3,8915,29115,3067
"basketball_any","GFS rp",8,true,3,11496,51854,5852
"basketball_any","GFS rp",9,true,4,3854,8454,1015
"basketball_any","GFS rp",10,true,3,216668,346632,42219
"basketball_any","GFS h+ + pruning ",1,true,3,6865,37869,5985
"basketball_any","GFS h+ + pruning ",2,true,3,6865,37869,6648
"basketball_any","GFS h+ + pruning ",3,true,3,274038,1514730,311617
"basketball_any","GFS h+ + pruning ",4,true,3,6992,38164,6569
"basketball_any","GFS h+ + pruning ",5,true,3,9668,56768,9672
"basketball_any","GFS h+ + pruning ",6,true,3,6865,37869,6700
"basketball_any","GFS h+ + pruning ",7,true,3,7007,38295,7058
"basketball_any","GFS h+ + pruning ",8,true,3,6865,37869,6421
"basketball_any","GFS h+ + pruning ",9,true,3,6997,38158,5879
"basketball_any","GFS h+ + pruning ",10,true,3,274032,1514600,304752
"basketball_any","GFS h_max + pruning ",1,true,3,24043,530427,124465
"basketball_any","GFS h_max + pruning ",2,true,3,1373,25846,5462
"basketball_any","GFS h_max + pruning ",3,true,3,5976,138116,28879
"basketball_any","GFS h_max + pruning ",4,true,3,1348,25146,5362
"basketball_any","GFS h_max + pruning ",5,true,3,23998,529453,316427
"basketball_any","GFS h_max + pruning ",6,true,3,1373,25846,5243
"basketball_any","GFS h_max + pruning ",7,true,3,1365,25374,5797
"basketball_any","GFS h_max + pruning ",8,true,3,1373,25840,5619
"basketball_any","GFS h_max + pruning ",9,true,3,1350,25170,5764
"basketball_any","GFS h_max + pruning ",10,true,3,5976,138116,30661
"basketball_any","GFS rp + pruning ",1,true,3,35410,223993,45923
"basketball_any","GFS rp + pruning ",2,true,3,7834,50416,10658
"basketball_any","GFS rp + pruning ",3,true,3,53065,271740,52374
"basketball_any","GFS rp + pruning ",4,true,3,6105,29071,5835
"basketball_any","GFS rp + pruning ",5,true,3,6857,45604,10363
"basketball_any","GFS rp + pruning ",6,true,3,8314,57165,11819
"basketball_any","GFS rp + pruning ",7,true,3,5584,26424,5101
"basketball_any","GFS rp + pruning ",8,true,3,6997,43148,9695
"basketball_any","GFS rp + pruning ",9,true,4,2010,10017,2394
"basketball_any","GFS rp + pruning ",10,true,3,55237,286900,49946
"basketball_both","BFS",1,false,,1000000,20851228,3001520
"basketball_both","BFS",2,false,,1000000,20866774,3030457
"basketball_both","BFS",3,false,,1000000,20878062,2984320
"basketball_both","BFS",4,false,,1000000,21057729,3029371
"basketball_both","BFS",5,false,,1000000,20868875,3046974
"basketball_both","BFS",6,false,,1000000,20865767,2991660
"basketball_both","BFS",7,false,,1000000,21057121,3204201
"basketball_both","BFS",8,false,,1000000,20851743,3194468
"basketball_both","BFS",9,false,,1000000,21019893,2696788
"basketball_both","BFS",10,false,,1000000,20825069,2898246
"basketball_both","BFS prune",1,true,7,872283,16979681,6253968
"basketball_both","BFS prune",2,true,7,745528,13972557,4250133
"basketball_both","BFS prune",3,false,,1000000,20015144,8102947
"basketball_both","BFS prune",4,true,7,982671,20195948,8541621
"basketball_both","BFS prune",5,true,7,768631,14515953,4452188
"basketball_both","BFS prune",6,true,7,765556,14439658,4596197
"basketball_both","BFS prune",7,true,7,964305,19724197,7442324
"basketball_both","BFS prune",8,true,7,861321,16709881,5533664
"basketball_both","BFS prune",9,true,7,980659,20139737,6983017
"basketball_both","BFS prune",10,false,,1000000,20010933,6369178
"basketball_both","A* h+",1,false,,1000000,11589582,1671903
"basketball_both","A* h+",2,false,,1000000,11620799,1655139
"basketball_both","A* h+",3,false,,1000000,11352495,1676805
"basketball_both","A* h+",4,false,,1000000,11418669,1648208
"basketball_both","A* h+",5,false,,1000000,11190340,1529365
"basketball_both","A* h+",6,false,,1000000,11428051,1640206
"basketball_both","A* h+",7,false,,1000000,11451149,1592050
"basketball_both","A* h+",8,false,,1000000,11626757,1732561
"basketball_both","A* h+",9,false,,1000000,11291760,1567949
"basketball_both","A* h+",10,false,,1000000,11411530,1583823
"basketball_both","A* h_max",1,true,7,45173,949385,98725
"basketball_both","A* h_max",2,true,7,45050,944731,103270
"basketball_both","A* h_max",3,true,7,49440,1071083,114251
"basketball_both","A* h_max",4,true,7,45479,960637,100903
"basketball_both","A* h_max",5,true,7,46406,978037,106957
"basketball_both","A* h_max",6,true,7,45898,967873,106453
"basketball_both","A* h_max",7,true,7,45087,950473,104302
"basketball_both","A* h_max",8,true,7,45007,943770,97481
"basketball_both","A* h_max",9,true,7,45279,955801,97354
"basketball_both","A* h_max",10,true,7,49452,1070323,112321
"basketball_both","A* rp",1,true,7,498948,6463933,767184
"basketball_both","A* rp",2,true,7,506569,6638244,842112
"basketball_both","A* rp",3,true,7,559022,7499767,974991
"basketball_both","A* rp",4,true,7,620303,9203521,1071722
"basketball_both","A* rp",5,true,7,264927,4061084,667078
"basketball_both","A* rp",6,true,7,558133,8805325,1097157
"basketball_both","A* rp",7,true,7,600476,8819371,1062708
"basketball_both","A* rp",8,true,7,577078,8743982,1002763
"basketball_both","A* rp",9,true,7,436179,6124988,665879
"basketball_both","A* rp",10,true,7,251271,3495416,388527
"basketball_both","A* h+ + pruning ",1,true,7,752937,12023480,3486612
"basketball_both","A* h+ + pruning ",2,true,7,750295,12012189,3528626
"basketball_both","A* h+ + pruning ",3,true,7,785925,12920668,3735638
"basketball_both","A* h+ + pruning ",4,true,7,745241,12039920,3639716
"basketball_both","A* h+ + pruning ",5,true,7,775436,12393455,3733488
"basketball_both","A* h+ + pruning ",6,true,7,751576,12024096,3667003
"basketball_both","A* h+ + pruning ",7,true,7,746069,12057087,3680806
"basketball_both","A* h+ + pruning ",8,true,7,763666,12066693,3687879
"basketball_both","A* h+ + pruning ",9,true,7,749296,12055165,3525632
"basketball_both","A* h+ + pruning ",10,true,7,785512,12913890,3706286
"basketball_both","A* h_max + pruning ",1,true,7,24659,634252,125942
"basketball_both","A* h_max + pruning ",2,true,7,24578,632668,129882
"basketball_both","A* h_max + pruning ",3,true,7,25803,683729,153377
"basketball_both","A* h_max + pruning ",4,true,7,24517,634493,138541
"basketball_both","A* h_max + pruning ",5,true,7,24802,637778,134100
"basketball_both","A* h_max + pruning ",6,true,7,24538,631255,323239
"basketball_both","A* h_max + pruning ",7,true,7,24429,631521,133942
"basketball_both","A* h_max + pruning ",8,true,7,24678,633824,134323
"basketball_both","A* h_max + pruning ",9,true,7,24497,634018,330474
"basketball_both","A* h_max + pruning ",10,true,7,25815,683757,168495
"basketball_both","A* rp + pruning ",1,true,7,161953,2812379,685322
"basketball_both","A* rp + pruning ",2,true,7,129232,2266166,566126
"basketball_both","A* rp + pruning ",3,true,7,158426,2849520,703434
"basketball_both","A* rp + pruning ",4,true,7,188350,3563245,865935
"basketball_both","A* rp + pruning ",5,true,7,129344,2584713,434976
"basketball_both","A* rp + pruning ",6,true,7,162508,3401099,811779
"basketball_both","A* rp + pruning ",7,true,7,181660,3441194,772132
"basketball_both","A* rp + pruning ",8,true,7,166630,3378995,718394
"basketball_both","A* rp + pruning ",9,true,7,140798,2753779,588748
"basketball_both","A* rp + pruning ",10,true,7,118479,2156780,500904
"basketball_both","EFS h+",1,false,,1000000,3508086,423250
"basketball_both","EFS h+",2,false,,1000000,3550823,429890
"basketball_both","EFS h+",3,false,,1000000,3685432,425754
"basketball_both","EFS h+",4,false,,1000000,3411034,575537
"basketball_both","EFS h+",5,false,,1000000,3497179,456292
"basketball_both","EFS h+",6,false,,1000000,3498535,456594
"basketball_both","EFS h+",7,false,,1000000,3410664,413584
"basketball_both","EFS h+",8,false,,1000000,3552171,459681
"basketball_both","EFS h+",9,false,,1000000,3409075,407073
"basketball_both","EFS h+",10,false,,1000000,3685318,451040
"basketball_both","EFS h_max",1,false,,1000000,12037265,1229148
"basketball_both","EFS h_max",2,false,,1000000,12042367,1334731
"basketball_both","EFS h_max",3,false,,1000000,12216296,1371943
"basketball_both","EFS h_max",4,false,,1000000,12001874,1258943
"basketball_both","EFS h_max",5,false,,1000000,12041985,1345095
"basketball_both","EFS h_max",6,false,,1000000,12022268,1262475
"basketball_both","EFS h_max",7,false,,1000000,11989395,1281486
"basketball_both","EFS h_max",8,false,,1000000,12033021,1251994
"basketball_both","EFS h_max",9,false,,1000000,12006447,1345414
"basketball_both","EFS h_max",10,false,,1000000,12228226,1268547
"basketball_both","EFS rp",1,false,,1000000,3637277,387333
"basketball_both","EFS rp",2,false,,1000000,3420077,379387
"basketball_both","EFS rp",3,false,,1000000,3472353,383724
"basketball_both","EFS rp",4,false,,1000000,4590203,418792
"basketball_both","EFS rp",5,false,,1000000,3584063,390784
"basketball_both","EFS rp",6,false,,1000000,4623766,416132
"basketball_both","EFS rp",7,false,,1000000,4603655,441664
"basketball_both","EFS rp",8,false,,1000000,3680713,402671
"basketball_both","EFS rp",9,false,,1000000,3521232,383603
"basketball_both","EFS rp",10,false,,1000000,3578045,402333
"basketball_both","EFS h+ + pruning ",1,false,,1000000,5390579,1526053
"basketball_both","EFS h+ + pruning ",2,false,,1000000,5386807,1574047
"basketball_both","EFS h+ + pruning ",3,false,,1000000,5820802,1640665
"basketball_both","EFS h+ + pruning ",4,false,,1000000,5061855,1405445
"basketball_both","EFS h+ + pruning ",5,false,,1000000,5425967,1613455
"basketball_both","EFS h+ + pruning ",6,false,,1000000,5387983,1598676
"basketball_both","EFS h+ + pruning ",7,false,,1000000,5063158,1423016
"basketball_both","EFS h+ + pruning ",8,false,,1000000,5389140,1597142
"basketball_both","EFS h+ + pruning ",9,false,,1000000,5062836,1468387
"basketball_both","EFS h+ + pruning ",10,false,,1000000,5937995,1723275
"basketball_both","EFS h_max + pruning ",1,false,,1000000,20515246,5684230
"basketball_both","EFS h_max + pruning ",2,false,,1000000,20474578,5674021
"basketball_both","EFS h_max + pruning ",3,false,,1000000,20531610,5744014
"basketball_both","EFS h_max + pruning ",4,false,,1000000,20469723,5772482
"basketball_both","EFS h_max + pruning ",5,false,,1000000,20413596,5758056
"basketball_both","EFS h_max + pruning ",6,false,,1000000,20413740,5786621
"basketball_both","EFS h_max + pruning ",7,false,,1000000,20448820,5814076
"basketball_both","EFS h_max + pruning ",8,false,,1000000,20442283,5785087
"basketball_both","EFS h_max + pruning ",9,false,,1000000,20439233,5188929
"basketball_both","EFS h_max + pruning ",10,false,,1000000,20539740,5274998
"basketball_both","EFS rp + pruning ",1,false,,1000000,5672763,1430907
"basketball_both","EFS rp + pruning ",2,false,,1000000,5460444,1479921
"basketball_both","EFS rp + pruning ",3,false,,1000000,5628668,1507881
"basketball_both","EFS rp + pruning ",4,false,,1000000,6119705,1527590
"basketball_both","EFS rp + pruning ",5,false,,1000000,5309956,1282113
"basketball_both","EFS rp + pruning ",6,false,,1000000,6051862,1459582
"basketball_both","EFS rp + pruning ",7,false,,1000000,5959953,1425883
"basketball_both","EFS rp + pruning ",8,false,,1000000,5590089,1473040
"basketball_both","EFS rp + pruning ",9,false,,1000000,5603950,1416499
"basketball_both","EFS rp + pruning ",10,false,,1000000,5575884,1502783
"basketball_both","GFS h+",1,false,,1000000,1525677,217849
"basketball_both","GFS h+",2,false,,1000000,1444175,213647
"basketball_both","GFS h+",3,false,,1000000,1682363,215783
"basketball_both","GFS h+",4,false,,1000000,1580941,198207
"basketball_both","GFS h+",5,false,,1000000,1564614,222937
"basketball_both","GFS h+",6,false,,1000000,1516577,223355
"basketball_both","GFS h+",7,false,,1000000,1581556,198548
"basketball_both","GFS h+",8,false,,1000000,1443697,216066
"basketball_both","GFS h+",9,false,,1000000,1581560,197435
"basketball_both","GFS h+",10,false,,1000000,1682077,217411
"basketball_both","GFS h_max",1,false,,1000000,10852288,1307461
"basketball_both","GFS h_max",2,false,,1000000,10809621,1339082
"basketball_both","GFS h_max",3,false,,1000000,10937691,1355364
"basketball_both","GFS h_max",4,false,,1000000,10844347,1349274
"basketball_both","GFS h_max",5,false,,1000000,10884817,1346331
"basketball_both","GFS h_max",6,false,,1000000,10805070,1382659
"basketball_both","GFS h_max",7,false,,1000000,10846806,1327782
"basketball_both","GFS h_max",8,false,,1000000,10848354,1381513
"basketball_both","GFS h_max",9,false,,1000000,10837276,1299382
"basketball_both","GFS h_max",10,false,,1000000,10935015,1295875
"basketball_both","GFS rp",1,false,,1000000,1609681,173056
"basketball_both","GFS rp",2,false,,1000000,1578642,185649
"basketball_both","GFS rp",3,false,,1000000,1542179,189525
"basketball_both","GFS rp",4,false,,1000000,1609651,184525
"basketball_both","GFS rp",5,false,,1000000,1687606,198899
"basketball_both","GFS rp",6,false,,1000000,1673320,188118
"basketball_both","GFS rp",7,false,,1000000,1628896,188846
"basketball_both","GFS rp",8,false,,1000000,1662859,379747
"basketball_both","GFS rp",9,false,,1000000,1631820,186891
"basketball_both","GFS rp",10,false,,1000000,1606688,186651
"basketball_both","GFS h+ + pruning ",1,false,,1000000,5712815,1256991
"basketball_both","GFS h+ + pruning ",2,false,,1000000,5705559,1079611
"basketball_both","GFS h+ + pruning ",3,false,,1000000,5564112,1303657
"basketball_both","GFS h+ + pruning ",4,false,,1000000,5658853,1180236
"basketball_both","GFS h+ + pruning ",5,false,,1000000,5703508,1418897
"basketball_both","GFS h+ + pruning ",6,false,,1000000,5713660,1404865
"basketball_both","GFS h+ + pruning ",7,false,,1000000,5659743,1295999
"basketball_both","GFS h+ + pruning ",8,false,,1000000,5713604,1418286
"basketball_both","GFS h+ + pruning ",9,false,,1000000,5658839,1322378
"basketball_both","GFS h+ + pruning ",10,false,,1000000,5572834,1458407
"basketball_both","GFS h_max + pruning ",1,false,,1000000,22171694,5818823
"basketball_both","GFS h_max + pruning ",2,false,,1000000,22151789,5811558
"basketball_both","GFS h_max + pruning ",3,false,,1000000,22129408,5811746
"basketball_both","GFS h_max + pruning ",4,false,,1000000,21923717,5697835
"basketball_both","GFS h_max + pruning ",5,false,,1000000,22168136,5821119
"basketball_both","GFS h_max + pruning ",6,false,,1000000,22163873,5806182
"basketball_both","GFS h_max + pruning ",7,false,,1000000,21930668,5672334
"basketball_both","GFS h_max + pruning ",8,false,,1000000,22171587,5811944
"basketball_both","GFS h_max + pruning ",9,false,,1000000,21986427,5242323
"basketball_both","GFS h_max + pruning ",10,false,,1000000,22131220,5317250
"basketball_both","GFS rp + pruning ",1,false,,1000000,5285627,1222850
"basketball_both","GFS rp + pruning ",2,false,,1000000,5184336,1458218
"basketball_both","GFS rp + pruning ",3,false,,1000000,5168691,1274654
"basketball_both","GFS rp + pruning ",4,false,,1000000,5286643,1235849
"basketball_both","GFS rp + pruning ",5,false,,1000000,5313627,1239905
"basketball_both","GFS rp + pruning ",6,false,,1000000,5269785,1213339
"basketball_both","GFS rp + pruning ",7,false,,1000000,5258397,1188725
"basketball_both","GFS rp + pruning ",8,false,,1000000,5294520,993716
"basketball_both","GFS rp + pruning ",9,false,,1000000,5277310,1169134
"basketball_both","GFS rp + pruning ",10,false,,1000000,5302425,1213090
"western","BFS",1,false,,1000000,31968009,4601805
"western","BFS",2,false,,1000000,31924395,4692143
"western","BFS",3,false,,1000000,31970897,4712636
"western","BFS",4,false,,1000000,31967358,4699316
"western","BFS",5,false,,1000000,31963171,4750952
"western","BFS",6,false,,1000000,31954035,4676247
"western","BFS",7,false,,1000000,31954450,4655926
"western","BFS",8,false,,1000000,31981183,4647607
"western","BFS",9,false,,1000000,31969655,4472229
"western","BFS",10,false,,1000000,32797183,3940671
"western","BFS prune",1,false,,1000000,37089885,19345541
"western","BFS prune",2,false,,1000000,37089885,19667680
"western","BFS prune",3,false,,1000000,37089885,19635476
"western","BFS prune",4,false,,1000000,37089885,19638048
"western","BFS prune",5,false,,1000000,37089885,20169668
"western","BFS prune",6,false,,1000000,37089885,20139655
"western","BFS prune",7,false,,1000000,37089885,19900301
"western","BFS prune",8,false,,1000000,37089885,19851709
"western","BFS prune",9,false,,1000000,37089885,12065483
"western","BFS prune",10,false,,1000000,37089885,11828012
"western","A* h+",1,false,,1000000,20435142,5693649
"western","A* h+",2,false,,1000000,20404383,5791996
"western","A* h+",3,false,,1000000,20437109,5694209
"western","A* h+",4,false,,1000000,20479946,5964689
"western","A* h+",5,false,,1000000,20477530,5761389
"western","A* h+",6,false,,1000000,20350285,6086742
"western","A* h+",7,false,,1000000,20405541,6114991
"western","A* h+",8,false,,1000000,20443380,5993859
"western","A* h+",9,false,,1000000,20444998,6114797
"western","A* h+",10,false,,1000000,20626386,5872465
"western","A* h_max",1,false,,1000000,35240068,12470490
"western","A* h_max",2,false,,1000000,35316751,13174739
"western","A* h_max",3,false,,1000000,34884344,12613182
"western","A* h_max",4,false,,1000000,34907583,12149060
"western","A* h_max",5,false,,1000000,34747172,12775848
"western","A* h_max",6,false,,1000000,35262800,13499285
"western","A* h_max",7,false,,1000000,34911148,12699902
"western","A* h_max",8,false,,1000000,34810557,12839126
"western","A* h_max",9,false,,1000000,35083271,13426029
"western","A* h_max",10,false,,1000000,35123732,12636230
"western","A* rp",1,false,,1000000,20133943,5465657
"western","A* rp",2,false,,1000000,20192886,5586398
"western","A* rp",3,false,,1000000,18896314,5457997
"western","A* rp",4,false,,1000000,18993125,5389677
"western","A* rp",5,false,,1000000,19192244,5594230
"western","A* rp",6,false,,1000000,18921499,5722205
"western","A* rp",7,false,,1000000,18994349,5560662
"western","A* rp",8,false,,1000000,18961050,5519772
"western","A* rp",9,false,,1000000,18911101,5419214
"western","A* rp",10,false,,1000000,19276468,5397963
"western","A* h+ + pruning ",1,false,,1000000,23873716,12768332
"western","A* h+ + pruning ",2,false,,1000000,23757777,12952805
"western","A* h+ + pruning ",3,false,,1000000,23788101,14040722
"western","A* h+ + pruning ",4,false,,1000000,23870576,13939871
"western","A* h+ + pruning ",5,false,,1000000,23672559,14034031
"western","A* h+ + pruning ",6,false,,1000000,23770306,14024503
"western","A* h+ + pruning ",7,false,,1000000,23815483,14128252
"western","A* h+ + pruning ",8,false,,1000000,23693311,13916840
"western","A* h+ + pruning ",9,false,,1000000,23682234,14064800
"western","A* h+ + pruning ",10,false,,1000000,23718703,14135349
"western","A* h_max + pruning ",1,false,,1000000,42117633,31160145
"western","A* h_max + pruning ",2,false,,1000000,42108428,31245021
"western","A* h_max + pruning ",3,false,,1000000,42081317,31293566
"western","A* h_max + pruning ",4,false,,1000000,42033571,31506948
"western","A* h_max + pruning ",5,false,,1000000,41957010,31413202
"western","A* h_max + pruning ",6,false,,1000000,42153372,31626714
"western","A* h_max + pruning ",7,false,,1000000,41998499,31374018
"western","A* h_max + pruning ",8,false,,1000000,42022783,31399973
"western","A* h_max + pruning ",9,false,,1000000,42071370,28323864
"western","A* h_max + pruning ",10,false,,1000000,42076077,28273287
"western","A* rp + pruning ",1,false,,1000000,23566503,14314675
"western","A* rp + pruning ",2,false,,1000000,23595486,14458604
"western","A* rp + pruning ",3,false,,1000000,23699891,15602642
"western","A* rp + pruning ",4,false,,1000000,23790611,15406874
"western","A* rp + pruning ",5,false,,1000000,23509631,14840687
"western","A* rp + pruning ",6,false,,1000000,23434117,15021476
"western","A* rp + pruning ",7,false,,1000000,23603539,14328417
"western","A* rp + pruning ",8,false,,1000000,23477071,14675343
"western","A* rp + pruning ",9,false,,1000000,23402705,14185202
"western","A* rp + pruning ",10,false,,1000000,23752413,13824353
"western","EFS h+",1,false,,1000000,5892505,2230645
"western","EFS h+",2,false,,1000000,5893787,2127349
"western","EFS h+",3,false,,1000000,5883464,2071629
"western","EFS h+",4,false,,1000000,5893160,2134370
"western","EFS h+",5,false,,1000000,5892184,2185082
"western","EFS h+",6,false,,1000000,5876772,2216444
"western","EFS h+",7,false,,1000000,5892819,2167405
"western","EFS h+",8,false,,1000000,5893316,2243312
"western","EFS h+",9,false,,1000000,5893086,2227505
"western","EFS h+",10,false,,1000000,5892109,2126864
"western","EFS h_max",1,false,,1000000,26301152,7920730
"western","EFS h_max",2,false,,1000000,26284021,7606497
"western","EFS h_max",3,false,,1000000,26183627,7960796
"western","EFS h_max",4,false,,1000000,26163198,8276564
"western","EFS h_max",5,false,,1000000,26124876,8159692
"western","EFS h_max",6,false,,1000000,26259956,7951105
"western","EFS h_max",7,false,,1000000,26220302,8030593
"western","EFS h_max",8,false,,1000000,26167648,7769267
"western","EFS h_max",9,false,,1000000,26286447,7919997
"western","EFS h_max",10,false,,1000000,26410764,8048329
"western","EFS rp",1,false,,1000000,5878490,2095978
"western","EFS rp",2,false,,1000000,5870874,2078048
"western","EFS rp",3,false,,1000000,5840352,2096906
"western","EFS rp",4,true,8,723499,4246950,1335437
"western","EFS rp",5,false,,1000000,5887308,2060984
"western","EFS rp",6,false,,1000000,5863234,2027139
"western","EFS rp",7,false,,1000000,5882048,2021364
"western","EFS rp",8,false,,1000000,5819800,2070266
"western","EFS rp",9,false,,1000000,5822663,2055255
"western","EFS rp",10,false,,1000000,5789668,2059707
"western","EFS h+ + pruning ",1,true,8,75927,801466,359060
"western","EFS h+ + pruning ",2,true,8,75925,801785,349502
"western","EFS h+ + pruning ",3,true,8,76008,803244,356697
"western","EFS h+ + pruning ",4,true,8,75926,801123,350197
"western","EFS h+ + pruning ",5,true,8,76049,804471,390063
"western","EFS h+ + pruning ",6,true,8,73976,780704,378038
"western","EFS h+ + pruning ",7,true,8,75833,801325,387621
"western","EFS h+ + pruning ",8,true,8,75933,801192,378701
"western","EFS h+ + pruning ",9,true,8,75937,801794,421704
"western","EFS h+ + pruning ",10,true,8,75964,807570,429065
"western","EFS h_max + pruning ",1,true,8,229694,5541589,3388421
"western","EFS h_max + pruning ",2,true,8,232372,5596886,3466543
"western","EFS h_max + pruning ",3,true,8,230525,5551379,3419806
"western","EFS h_max + pruning ",4,true,8,236325,5676025,3503427
"western","EFS h_max + pruning ",5,true,8,232839,5590083,3516541
"western","EFS h_max + pruning ",6,true,8,236088,5663317,3551926
"western","EFS h_max + pruning ",7,true,8,231722,5549592,3417951
"western","EFS h_max + pruning ",8,true,8,234308,5612891,3395454
"western","EFS h_max + pruning ",9,true,8,236336,5667261,3425139
"western","EFS h_max + pruning ",10,true,8,225016,5435900,3280531
"western","EFS rp + pruning ",1,true,8,74993,794046,422880
"western","EFS rp + pruning ",2,true,8,69169,736881,390011
"western","EFS rp + pruning ",3,true,8,63246,674601,381700
"western","EFS rp + pruning ",4,true,8,69512,727012,414650
"western","EFS rp + pruning ",5,true,8,69188,738235,420971
"western","EFS rp + pruning ",6,true,8,72770,780139,439218
"western","EFS rp + pruning ",7,true,8,73088,789143,448995
"western","EFS rp + pruning ",8,true,8,58916,625595,354600
"western","EFS rp + pruning ",9,true,8,75244,782660,438432
"western","EFS rp + pruning ",10,true,8,63534,682279,376154
"western","GFS h+",1,false,,1000000,1896073,674992
"western","GFS h+",2,false,,1000000,1906306,665393
"western","GFS h+",3,false,,1000000,1903352,668319
"western","GFS h+",4,false,,1000000,1906739,639355
"western","GFS h+",5,false,,1000000,1895763,539350
"western","GFS h+",6,false,,1000000,1899206,536617
"western","GFS h+",7,false,,1000000,1896986,573314
"western","GFS h+",8,false,,1000000,1896167,579919
"western","GFS h+",9,false,,1000000,1899828,627701
"western","GFS h+",10,false,,1000000,1905596,647946
"western","GFS h_max",1,false,,1000000,21395097,5792833
"western","GFS h_max",2,false,,1000000,21400995,5476137
"western","GFS h_max",3,false,,1000000,21078490,5635169
"western","GFS h_max",4,false,,1000000,21077626,5600885
"western","GFS h_max",5,false,,1000000,21152431,5815603
"western","GFS h_max",6,false,,1000000,21392379,5654412
"western","GFS h_max",7,false,,1000000,21162278,5645679
"western","GFS h_max",8,false,,1000000,21079708,5622950
"western","GFS h_max",9,false,,1000000,21364105,5527537
"western","GFS h_max",10,false,,1000000,21558827,6148676
"western","GFS rp",1,false,,1000000,1920404,570279
"western","GFS rp",2,false,,1000000,1905899,544939
"western","GFS rp",3,false,,1000000,1891455,515552
"western","GFS rp",4,false,,1000000,1924277,489289
"western","GFS rp",5,false,,1000000,1902564,490992
"western","GFS rp",6,false,,1000000,1905193,531414
"western","GFS rp",7,false,,1000000,1885838,542092
"western","GFS rp",8,false,,1000000,1885430,525416
"western","GFS rp",9,false,,1000000,1923455,507510
"western","GFS rp",10,false,,1000000,1892974,543470
"western","GFS h+ + pruning ",1,false,,1000000,3660496,1868786
"western","GFS h+ + pruning ",2,false,,1000000,3657821,1891195
"western","GFS h+ + pruning ",3,false,,1000000,3715027,1902720
"western","GFS h+ + pruning ",4,false,,1000000,3720488,1900976
"western","GFS h+ + pruning ",5,false,,1000000,3693632,1934133
"western","GFS h+ + pruning ",6,false,,1000000,3671937,1974419
"western","GFS h+ + pruning ",7,false,,1000000,3655295,1916371
"western","GFS h+ + pruning ",8,false,,1000000,3714946,1938954
"western","GFS h+ + pruning ",9,false,,1000000,3686509,1990736
"western","GFS h+ + pruning ",10,false,,1000000,3631574,1971708
"western","GFS h_max + pruning ",1,false,,1000000,27578330,15672636
"western","GFS h_max + pruning ",2,false,,1000000,27616124,15679261
"western","GFS h_max + pruning ",3,false,,1000000,27625647,15726018
"western","GFS h_max + pruning ",4,false,,1000000,27642136,15847639
"western","GFS h_max + pruning ",5,false,,1000000,27669839,15918977
"western","GFS h_max + pruning ",6,false,,1000000,27535831,15899211
"western","GFS h_max + pruning ",7,false,,1000000,27580515,15973455
"western","GFS h_max + pruning ",8,false,,1000000,27641143,15731873
"western","GFS h_max + pruning ",9,false,,1000000,27603670,15335914
"western","GFS h_max + pruning ",10,false,,1000000,27630620,15229866
"western","GFS rp + pruning ",1,false,,1000000,3619951,2142836
"western","GFS rp + pruning ",2,false,,1000000,3657558,2157982
"western","GFS rp + pruning ",3,false,,1000000,3533093,2091169
"western","GFS rp + pruning ",4,false,,1000000,3547111,2102650
"western","GFS rp + pruning ",5,false,,1000000,3519001,2056496
"western","GFS rp + pruning ",6,false,,1000000,3535159,2130014
"western","GFS rp + pruning ",7,false,,1000000,3540031,2111377
"western","GFS rp + pruning ",8,false,,1000000,3550270,2145588
"western","GFS rp + pruning ",9,false,,1000000,3549820,2226740
"western","GFS rp + pruning ",10,false,,1000000,3546844,2227900
"jailbreak_revenge","BFS",1,false,,1000000,13871114,324341
"jailbreak_revenge","BFS",2,false,,1000000,13869982,128784
"jailbreak_revenge","BFS",3,false,,1000000,13869993,128971
"jailbreak_revenge","BFS",4,false,,1000000,13870025,128588
"jailbreak_revenge","BFS",5,false,,1000000,13872312,129783
"jailbreak_revenge","BFS",6,false,,1000000,13869818,324760
"jailbreak_revenge","BFS",7,false,,1000000,13870041,126327
"jailbreak_revenge","BFS",8,false,,1000000,13870041,125592
"jailbreak_revenge","BFS",9,false,,1000000,13870025,126450
"jailbreak_revenge","BFS",10,false,,1000000,13869979,127875
"jailbreak_revenge","BFS prune",1,true,7,859160,6182136,1291329
"jailbreak_revenge","BFS prune",2,true,7,861706,6207146,1306180
"jailbreak_revenge","BFS prune",3,true,7,856383,6152470,1383447
"jailbreak_revenge","BFS prune",4,true,7,861637,6206463,1436695
"jailbreak_revenge","BFS prune",5,true,7,859152,6182025,1451656
"jailbreak_revenge","BFS prune",6,true,7,861623,6206313,1653931
"jailbreak_revenge","BFS prune",7,true,7,859073,6181225,1431990
"jailbreak_revenge","BFS prune",8,true,7,861595,6206029,1429121
"jailbreak_revenge","BFS prune",9,true,7,861609,6206141,1210077
"jailbreak_revenge","BFS prune",10,true,7,856383,6152470,1025284
"jailbreak_revenge","A* h+",1,false,,1000000,8422355,390499
"jailbreak_revenge","A* h+",2,false,,1000000,8421624,401675
"jailbreak_revenge","A* h+",3,false,,1000000,8421631,386225
"jailbreak_revenge","A* h+",4,false,,1000000,8421627,399407
"jailbreak_revenge","A* h+",5,false,,1000000,8422355,391355
"jailbreak_revenge","A* h+",6,false,,1000000,8421856,396145
"jailbreak_revenge","A* h+",7,false,,1000000,8421991,381891
"jailbreak_revenge","A* h+",8,false,,1000000,8421634,389832
"jailbreak_revenge","A* h+",9,false,,1000000,8421634,385729
"jailbreak_revenge","A* h+",10,false,,1000000,8421631,387252
"jailbreak_revenge","A* h_max",1,false,,1000000,9685645,572310
"jailbreak_revenge","A* h_max",2,false,,1000000,9681191,379268
"jailbreak_revenge","A* h_max",3,false,,1000000,9680554,378353
"jailbreak_revenge","A* h_max",4,false,,1000000,9681468,379685
"jailbreak_revenge","A* h_max",5,false,,1000000,9685645,378593
"jailbreak_revenge","A* h_max",6,false,,1000000,9679883,562452
"jailbreak_revenge","A* h_max",7,false,,1000000,9685545,378264
"jailbreak_revenge","A* h_max",8,false,,1000000,9679822,400866
"jailbreak_revenge","A* h_max",9,false,,1000000,9679822,401828
"jailbreak_revenge","A* h_max",10,false,,1000000,9680554,572711
"jailbreak_revenge","A* rp",1,false,,1000000,4369595,255918
"jailbreak_revenge","A* rp",2,false,,1000000,4371124,263924
"jailbreak_revenge","A* rp",3,false,,1000000,4430968,268618
"jailbreak_revenge","A* rp",4,false,,1000000,4449191,269617
"jailbreak_revenge","A* rp",5,false,,1000000,4375957,263763
"jailbreak_revenge","A* rp",6,false,,1000000,4492769,270321
"jailbreak_revenge","A* rp",7,false,,1000000,4478185,277267
"jailbreak_revenge","A* rp",8,false,,1000000,4359140,78163
"jailbreak_revenge","A* rp",9,false,,1000000,4458571,283896
"jailbreak_revenge","A* rp",10,false,,1000000,4636527,296517
"jailbreak_revenge","A* h+ + pruning ",1,true,7,128369,1156750,280181
"jailbreak_revenge","A* h+ + pruning ",2,true,7,128364,1156672,326941
"jailbreak_revenge","A* h+ + pruning ",3,true,7,128263,1155223,335430
"jailbreak_revenge","A* h+ + pruning ",4,true,7,128355,1156565,337939
"jailbreak_revenge","A* h+ + pruning ",5,true,7,128378,1156867,365048
"jailbreak_revenge","A* h+ + pruning ",6,true,7,128348,1156485,368066
"jailbreak_revenge","A* h+ + pruning ",7,true,7,128396,1157128,370007
"jailbreak_revenge","A* h+ + pruning ",8,true,7,128381,1156931,370385
"jailbreak_revenge","A* h+ + pruning ",9,true,7,128350,1156492,371781
"jailbreak_revenge","A* h+ + pruning ",10,true,7,128263,1155223,369598
"jailbreak_revenge","A* h_max + pruning ",1,true,7,160766,1590130,396961
"jailbreak_revenge","A* h_max + pruning ",2,true,7,160780,1590395,397464
"jailbreak_revenge","A* h_max + pruning ",3,true,7,160768,1590174,398025
"jailbreak_revenge","A* h_max + pruning ",4,true,7,160780,1590395,197765
"jailbreak_revenge","A* h_max + pruning ",5,true,7,160766,1590130,393596
"jailbreak_revenge","A* h_max + pruning ",6,true,7,160780,1590395,391473
"jailbreak_revenge","A* h_max + pruning ",7,true,7,160770,1590198,383128
"jailbreak_revenge","A* h_max + pruning ",8,true,7,160784,1590463,382277
"jailbreak_revenge","A* h_max + pruning ",9,true,7,160780,1590395,384337
"jailbreak_revenge","A* h_max + pruning ",10,true,7,160768,1590174,379586
"jailbreak_revenge","A* rp + pruning ",1,true,7,206339,1759112,390292
"jailbreak_revenge","A* rp + pruning ",2,true,7,206962,1770434,393499
"jailbreak_revenge","A* rp + pruning ",3,true,7,235354,1998202,450513
"jailbreak_revenge","A* rp + pruning ",4,true,7,214819,1847488,397749
"jailbreak_revenge","A* rp + pruning ",5,true,7,206497,1765454,384283
"jailbreak_revenge","A* rp + pruning ",6,true,7,215396,1853041,396013
"jailbreak_revenge","A* rp + pruning ",7,true,7,215707,1858596,390135
"jailbreak_revenge","A* rp + pruning ",8,true,7,206718,1767568,377135
"jailbreak_revenge","A* rp + pruning ",9,true,7,235482,2000095,332632
"jailbreak_revenge","A* rp + pruning ",10,true,7,222834,1926966,305798
"jailbreak_revenge","EFS h+",1,false,,1000000,2118898,113952
"jailbreak_revenge","EFS h+",2,false,,1000000,2118829,120568
"jailbreak_revenge","EFS h+",3,false,,1000000,2118630,119149
"jailbreak_revenge","EFS h+",4,false,,1000000,2119032,119807
"jailbreak_revenge","EFS h+",5,false,,1000000,2118821,120034
"jailbreak_revenge","EFS h+",6,false,,1000000,2118776,115536
"jailbreak_revenge","EFS h+",7,false,,1000000,2118954,113914
"jailbreak_revenge","EFS h+",8,false,,1000000,2118910,112755
"jailbreak_revenge","EFS h+",9,false,,1000000,2118910,114402
"jailbreak_revenge","EFS h+",10,false,,1000000,2118630,117069
"jailbreak_revenge","EFS h_max",1,true,7,208524,2142787,85182
"jailbreak_revenge","EFS h_max",2,true,7,203507,2092190,87298
"jailbreak_revenge","EFS h_max",3,true,7,203963,2098676,88518
"jailbreak_revenge","EFS h_max",4,true,7,203296,2088548,88082
"jailbreak_revenge","EFS h_max",5,true,7,208797,2145653,91577
"jailbreak_revenge","EFS h_max",6,true,7,202696,2081960,87862
"jailbreak_revenge","EFS h_max",7,true,7,205939,2115857,89742
"jailbreak_revenge","EFS h_max",8,true,7,203003,2085406,88133
"jailbreak_revenge","EFS h_max",9,true,7,203003,2085394,86739
"jailbreak_revenge","EFS h_max",10,true,7,203963,2098676,88233
"jailbreak_revenge","EFS rp",1,false,,1000000,2128340,118187
"jailbreak_revenge","EFS rp",2,false,,1000000,2112250,117640
"jailbreak_revenge","EFS rp",3,false,,1000000,2120400,119981
"jailbreak_revenge","EFS rp",4,false,,1000000,2155522,123192
"jailbreak_revenge","EFS rp",5,false,,1000000,2131002,121071
"jailbreak_revenge","EFS rp",6,false,,1000000,2136704,123821
"jailbreak_revenge","EFS rp",7,false,,1000000,2122879,119760
"jailbreak_revenge","EFS rp",8,false,,1000000,2131844,122041
"jailbreak_revenge","EFS rp",9,false,,1000000,2128515,121763
"jailbreak_revenge","EFS rp",10,false,,1000000,2142663,125406
"jailbreak_revenge","EFS h+ + pruning ",1,true,7,110100,913610,89026
"jailbreak_revenge","EFS h+ + pruning ",2,true,7,110042,912211,91410
"jailbreak_revenge","EFS h+ + pruning ",3,true,7,108925,899446,103752
"jailbreak_revenge","EFS h+ + pruning ",4,true,7,110273,916164,118003
"jailbreak_revenge","EFS h+ + pruning ",5,true,7,110124,913732,120292
"jailbreak_revenge","EFS h+ + pruning ",6,true,7,110006,911778,122650
"jailbreak_revenge","EFS h+ + pruning ",7,true,7,110209,914994,123264
"jailbreak_revenge","EFS h+ + pruning ",8,true,7,110163,914085,124456
"jailbreak_revenge","EFS h+ + pruning ",9,true,7,110163,914085,124283
"jailbreak_revenge","EFS h+ + pruning ",10,true,7,108925,899446,124420
"jailbreak_revenge","EFS h_max + pruning ",1,true,7,20843,268471,34660
"jailbreak_revenge","EFS h_max + pruning ",2,true,7,20434,262321,34477
"jailbreak_revenge","EFS h_max + pruning ",3,true,7,20699,265658,34738
"jailbreak_revenge","EFS h_max + pruning ",4,true,7,20135,258411,33278
"jailbreak_revenge","EFS h_max + pruning ",5,true,7,20854,268680,34726
"jailbreak_revenge","EFS h_max + pruning ",6,true,7,19941,254803,32985
"jailbreak_revenge","EFS h_max + pruning ",7,true,7,20509,263677,34271
"jailbreak_revenge","EFS h_max + pruning ",8,true,7,20089,257318,34075
"jailbreak_revenge","EFS h_max + pruning ",9,true,7,20049,256816,34496
"jailbreak_revenge","EFS h_max + pruning ",10,true,7,20699,265658,36014
"jailbreak_revenge","EFS rp + pruning ",1,true,7,103118,852338,118692
"jailbreak_revenge","EFS rp + pruning ",2,true,7,110473,918219,129118
"jailbreak_revenge","EFS rp + pruning ",3,true,7,105909,875426,122769
"jailbreak_revenge","EFS rp + pruning ",4,true,7,105900,874608,122700
"jailbreak_revenge","EFS rp + pruning ",5,true,7,109913,909853,127193
"jailbreak_revenge","EFS rp + pruning ",6,true,7,114181,947294,132262
"jailbreak_revenge","EFS rp + pruning ",7,true,7,116678,973537,123158
"jailbreak_revenge","EFS rp + pruning ",8,true,7,104542,863694,107356
"jailbreak_revenge","EFS rp + pruning ",9,true,7,109722,908107,111784
"jailbreak_revenge","EFS rp + pruning ",10,true,7,138006,1167200,133050
"jailbreak_revenge","GFS h+",1,false,,1000000,1276611,64783
"jailbreak_revenge","GFS h+",2,false,,1000000,1275983,66878
"jailbreak_revenge","GFS h+",3,false,,1000000,1250138,64893
"jailbreak_revenge","GFS h+",4,false,,1000000,1275983,65491
"jailbreak_revenge","GFS h+",5,false,,1000000,1276611,65802
"jailbreak_revenge","GFS h+",6,false,,1000000,1250260,62667
"jailbreak_revenge","GFS h+",7,false,,1000000,1276611,65334
"jailbreak_revenge","GFS h+",8,false,,1000000,1250248,62790
"jailbreak_revenge","GFS h+",9,false,,1000000,1250248,62945
"jailbreak_revenge","GFS h+",10,false,,1000000,1250138,63914
"jailbreak_revenge","GFS h_max",1,false,,1000000,10479513,444242
"jailbreak_revenge","GFS h_max",2,false,,1000000,10476195,457241
"jailbreak_revenge","GFS h_max",3,false,,1000000,10470585,455223
"jailbreak_revenge","GFS h_max",4,false,,1000000,10486062,454372
"jailbreak_revenge","GFS h_max",5,false,,1000000,10479541,453608
"jailbreak_revenge","GFS h_max",6,false,,1000000,10485908,453838
"jailbreak_revenge","GFS h_max",7,false,,1000000,10486097,425818
"jailbreak_revenge","GFS h_max",8,false,,1000000,10486155,437451
"jailbreak_revenge","GFS h_max",9,false,,1000000,10486148,429924
"jailbreak_revenge","GFS h_max",10,false,,1000000,10470568,445452
"jailbreak_revenge","GFS rp",1,false,,1000000,1253032,65902
"jailbreak_revenge","GFS rp",2,false,,1000000,1238497,66596
"jailbreak_revenge","GFS rp",3,false,,1000000,1253002,66086
"jailbreak_revenge","GFS rp",4,false,,1000000,1238428,67694
"jailbreak_revenge","GFS rp",5,false,,1000000,1253213,69429
"jailbreak_revenge","GFS rp",6,false,,1000000,1252956,263967
"jailbreak_revenge","GFS rp",7,false,,1000000,1230612,65438
"jailbreak_revenge","GFS rp",8,false,,1000000,1245271,-128758
"jailbreak_revenge","GFS rp",9,false,,1000000,1253196,64386
"jailbreak_revenge","GFS rp",10,false,,1000000,1230666,66517
"jailbreak_revenge","GFS h+ + pruning ",1,true,7,583907,3946283,804559
"jailbreak_revenge","GFS h+ + pruning ",2,true,7,585122,3955932,821997
"jailbreak_revenge","GFS h+ + pruning ",3,true,7,582651,3935769,828787
"jailbreak_revenge","GFS h+ + pruning ",4,true,7,585146,3956250,844520
"jailbreak_revenge","GFS h+ + pruning ",5,true,7,583907,3946283,842636
"jailbreak_revenge","GFS h+ + pruning ",6,true,7,585098,3955530,848361
"jailbreak_revenge","GFS h+ + pruning ",7,true,7,583907,3946241,837227
"jailbreak_revenge","GFS h+ + pruning ",8,true,7,585122,3955890,842882
"jailbreak_revenge","GFS h+ + pruning ",9,true,7,585122,3955890,843116
"jailbreak_revenge","GFS h+ + pruning ",10,true,7,582651,3935769,838023
"jailbreak_revenge","GFS h_max + pruning ",1,true,7,107851,1311323,250311
"jailbreak_revenge","GFS h_max + pruning ",2,true,7,107873,1310841,251475
"jailbreak_revenge","GFS h_max + pruning ",3,true,7,107602,1306959,251202
"jailbreak_revenge","GFS h_max + pruning ",4,true,7,107889,1310994,252513
"jailbreak_revenge","GFS h_max + pruning ",5,true,7,107881,1311755,251859
"jailbreak_revenge","GFS h_max + pruning ",6,true,7,107714,1307779,447914
"jailbreak_revenge","GFS h_max + pruning ",7,true,7,107825,1310539,258490
"jailbreak_revenge","GFS h_max + pruning ",8,true,7,107846,1310012,260655
"jailbreak_revenge","GFS h_max + pruning ",9,true,7,107846,1310012,260519
"jailbreak_revenge","GFS h_max + pruning ",10,true,7,107602,1306959,262086
"jailbreak_revenge","GFS rp + pruning ",1,true,7,492691,3265903,763527
"jailbreak_revenge","GFS rp + pruning ",2,true,7,477250,3151371,742777
"jailbreak_revenge","GFS rp + pruning ",3,true,7,476860,3147123,738682
"jailbreak_revenge","GFS rp + pruning ",4,true,7,508235,3355984,788211
"jailbreak_revenge","GFS rp + pruning ",5,true,7,485734,3215251,749701
"jailbreak_revenge","GFS rp + pruning ",6,true,7,514415,3402087,776904
"jailbreak_revenge","GFS rp + pruning ",7,true,7,498681,3285212,753122
"jailbreak_revenge","GFS rp + pruning ",8,true,7,486427,3219732,733422
"jailbreak_revenge","GFS rp + pruning ",9,true,7,485668,3215015,481027
"jailbreak_revenge","GFS rp + pruning ",10,true,7,542332,3622477,508196
"lovers","BFS",1,true,5,6191,94703,1758
"lovers","BFS",2,true,5,7213,119408,2275
"lovers","BFS",3,true,5,6357,99433,1978
"lovers","BFS",4,true,5,7404,124317,2264
"lovers","BFS",5,true,5,6189,94690,1780
"lovers","BFS",6,true,5,7552,128881,2423
"lovers","BFS",7,true,5,6358,99426,1817
"lovers","BFS",8,true,5,14911,324279,6953
"lovers","BFS",9,true,5,6042,90217,1702
"lovers","BFS",10,true,5,10772,206967,4214
"lovers","BFS prune",1,true,5,4226,87086,9639
"lovers","BFS prune",2,true,5,5064,108778,13514
"lovers","BFS prune",3,true,5,4372,90790,10322
"lovers","BFS prune",4,true,5,5223,112576,14059
"lovers","BFS prune",5,true,5,4227,87096,9725
"lovers","BFS prune",6,true,5,5360,116128,14619
"lovers","BFS prune",7,true,5,4368,90723,10284
"lovers","BFS prune",8,true,5,11409,268964,45871
"lovers","BFS prune",9,true,5,4091,83657,9045
"lovers","BFS prune",10,true,5,7996,175290,26307
"lovers","A* h+",1,false,,1000000,22183683,3082226
"lovers","A* h+",2,false,,1000000,24814516,3772107
"lovers","A* h+",3,false,,1000000,21999892,3203519
"lovers","A* h+",4,false,,1000000,24969498,3876065
"lovers","A* h+",5,false,,1000000,22156525,3190847
"lovers","A* h+",6,false,,1000000,24854516,3972483
"lovers","A* h+",7,false,,1000000,22167391,3216697
"lovers","A* h+",8,false,,1000000,22669483,3314332
"lovers","A* h+",9,false,,1000000,21985675,3195425
"lovers","A* h+",10,false,,1000000,22467259,3287489
"lovers","A* h_max",1,true,5,16315,416620,51307
"lovers","A* h_max",2,true,5,18872,434033,56372
"lovers","A* h_max",3,true,5,16356,417920,53964
"lovers","A* h_max",4,true,5,18865,432770,56182
"lovers","A* h_max",5,true,5,16331,417584,53725
"lovers","A* h_max",6,true,5,18921,434613,58423
"lovers","A* h_max",7,true,5,16334,417576,54605
"lovers","A* h_max",8,true,5,17296,438088,56513
"lovers","A* h_max",9,true,5,16274,415817,53590
"lovers","A* h_max",10,true,5,16870,428451,56146
"lovers","A* rp",1,true,5,27666,589229,77589
"lovers","A* rp",2,true,5,28020,603571,87008
"lovers","A* rp",3,true,5,28102,605325,86528
"lovers","A* rp",4,true,5,27575,588771,82306
"lovers","A* rp",5,true,5,27097,577312,80463
"lovers","A* rp",6,true,5,28275,604248,79859
"lovers","A* rp",7,true,5,435154,8024275,1224999
"lovers","A* rp",8,true,5,27292,585347,80196
"lovers","A* rp",9,true,5,27686,594098,80464
"lovers","A* rp",10,true,5,29144,625364,86030
"lovers","A* h+ + pruning ",1,false,,1000000,29126845,6351468
"lovers","A* h+ + pruning ",2,false,,1000000,32276451,7158431
"lovers","A* h+ + pruning ",3,false,,1000000,29150259,6434860
"lovers","A* h+ + pruning ",4,false,,1000000,32645843,7223014
"lovers","A* h+ + pruning ",5,false,,1000000,29187888,6654534
"lovers","A* h+ + pruning ",6,false,,1000000,32604424,7398915
"lovers","A* h+ + pruning ",7,false,,1000000,29190732,6545743
"lovers","A* h+ + pruning ",8,false,,1000000,29517422,6642433
"lovers","A* h+ + pruning ",9,false,,1000000,29125561,6307497
"lovers","A* h+ + pruning ",10,false,,1000000,29617789,6387548
"lovers","A* h_max + pruning ",1,true,5,14988,420391,83838
"lovers","A* h_max + pruning ",2,true,5,17256,433756,91580
"lovers","A* h_max + pruning ",3,true,5,15039,421217,87429
"lovers","A* h_max + pruning ",4,true,5,17271,432925,285382
"lovers","A* h_max + pruning ",5,true,5,17302,434091,-102543
"lovers","A* h_max + pruning ",6,true,5,17299,434271,93133
"lovers","A* h_max + pruning ",7,true,5,17316,434399,90452
"lovers","A* h_max + pruning ",8,true,5,15073,421441,85478
"lovers","A* h_max + pruning ",9,true,5,14932,419703,85093
"lovers","A* h_max + pruning ",10,true,5,15118,422171,87826
"lovers","A* rp + pruning ",1,true,5,25308,597613,114814
"lovers","A* rp + pruning ",2,true,5,25536,606821,122880
"lovers","A* rp + pruning ",3,true,5,25947,617653,125406
"lovers","A* rp + pruning ",4,true,5,24960,588870,112815
"lovers","A* rp + pruning ",5,true,5,24864,587292,114016
"lovers","A* rp + pruning ",6,true,5,25531,602649,115426
"lovers","A* rp + pruning ",7,true,5,354362,7563466,1596499
"lovers","A* rp + pruning ",8,true,5,25235,600446,114929
"lovers","A* rp + pruning ",9,true,5,25535,606489,122204
"lovers","A* rp + pruning ",10,true,5,26982,641202,127109
"lovers","EFS h+",1,false,,1000000,4820578,488884
"lovers","EFS h+",2,false,,1000000,4822936,310298
"lovers","EFS h+",3,false,,1000000,4821692,710318
"lovers","EFS h+",4,false,,1000000,4829703,503516
"lovers","EFS h+",5,false,,1000000,4820398,517303
"lovers","EFS h+",6,false,,1000000,4820279,315207
"lovers","EFS h+",7,false,,1000000,4822188,517528
"lovers","EFS h+",8,true,5,935438,4566083,483679
"lovers","EFS h+",9,true,5,976123,4701927,497890
"lovers","EFS h+",10,true,5,935854,4568273,472331
"lovers","EFS h_max",1,true,5,7763,136243,207740
"lovers","EFS h_max",2,true,5,7771,136393,12544
"lovers","EFS h_max",3,true,5,7734,135598,12224
"lovers","EFS h_max",4,true,5,7758,136308,12746
"lovers","EFS h_max",5,true,5,7742,135720,12784
"lovers","EFS h_max",6,true,5,7742,135800,12636
"lovers","EFS h_max",7,true,5,7766,136060,207768
"lovers","EFS h_max",8,true,5,7585,134475,208031
"lovers","EFS h_max",9,true,5,7745,136233,-182536
"lovers","EFS h_max",10,true,5,7565,134179,-182700
"lovers","EFS rp",1,true,5,201451,810022,81809
"lovers","EFS rp",2,true,5,200900,807746,83766
"lovers","EFS rp",3,true,5,201244,808213,88552
"lovers","EFS rp",4,true,5,201284,810167,277763
"lovers","EFS rp",5,true,5,201125,809206,285657
"lovers","EFS rp",6,true,5,201187,809114,283925
"lovers","EFS rp",7,true,5,654552,3021388,516961
"lovers","EFS rp",8,true,5,156520,621284,68925
"lovers","EFS rp",9,true,5,200760,807134,-112515
"lovers","EFS rp",10,true,5,154615,613272,-130631
"lovers","EFS h+ + pruning ",1,true,5,323562,2498211,395021
"lovers","EFS h+ + pruning ",2,true,5,324054,2502155,214107
"lovers","EFS h+ + pruning ",3,true,5,323457,2498134,609129
"lovers","EFS h+ + pruning ",4,true,5,322656,2491307,411758
"lovers","EFS h+ + pruning ",5,true,5,323060,2494592,410996
"lovers","EFS h+ + pruning ",6,true,5,323464,2496919,217616
"lovers","EFS h+ + pruning ",7,true,5,324063,2502533,426218
"lovers","EFS h+ + pruning ",8,true,5,306899,2393435,604433
"lovers","EFS h+ + pruning ",9,true,5,304688,2368811,399399
"lovers","EFS h+ + pruning ",10,true,5,306922,2394076,403079
"lovers","EFS h_max + pruning ",1,true,5,5206,105419,15636
"lovers","EFS h_max + pruning ",2,true,5,5215,105555,211272
"lovers","EFS h_max + pruning ",3,true,5,5208,105418,16005
"lovers","EFS h_max + pruning ",4,true,5,5220,105728,-179636
"lovers","EFS h_max + pruning ",5,true,5,5213,105479,15530
"lovers","EFS h_max + pruning ",6,true,5,5216,105586,210772
"lovers","EFS h_max + pruning ",7,true,5,5219,105480,-180069
"lovers","EFS h_max + pruning ",8,true,5,5064,104747,16084
"lovers","EFS h_max + pruning ",9,true,5,5209,105666,16078
"lovers","EFS h_max + pruning ",10,true,5,5056,104688,16094
"lovers","EFS rp + pruning ",1,true,5,89193,538725,81830
"lovers","EFS rp + pruning ",2,true,5,88888,537159,82554
"lovers","EFS rp + pruning ",3,true,5,89024,537843,82594
"lovers","EFS rp + pruning ",4,true,5,89127,538604,82827
"lovers","EFS rp + pruning ",5,true,5,89190,538948,275161
"lovers","EFS rp + pruning ",6,true,5,89317,539309,84479
"lovers","EFS rp + pruning ",7,true,5,210884,1547606,443971
"lovers","EFS rp + pruning ",8,true,5,68200,409592,65497
"lovers","EFS rp + pruning ",9,true,5,88765,536106,-111868
"lovers","EFS rp + pruning ",10,true,5,66970,402957,63075
"lovers","GFS h+",1,false,,1000000,1576588,217762
"lovers","GFS h+",2,false,,1000000,1576596,224015
"lovers","GFS h+",3,false,,1000000,1576501,223514
"lovers","GFS h+",4,false,,1000000,1514647,427818
"lovers","GFS h+",5,false,,1000000,1505180,424704
"lovers","GFS h+",6,false,,1000000,1576105,16582
"lovers","GFS h+",7,false,,1000000,1566012,19707
"lovers","GFS h+",8,false,,1000000,1570869,402909
"lovers","GFS h+",9,false,,1000000,1514707,414275
"lovers","GFS h+",10,false,,1000000,1572104,12235
"lovers","GFS h_max",1,false,,1000000,15858475,1696092
"lovers","GFS h_max",2,false,,1000000,15856432,1798713
"lovers","GFS h_max",3,false,,1000000,15923294,2025002
"lovers","GFS h_max",4,false,,1000000,15867215,1577401
"lovers","GFS h_max",5,false,,1000000,15858457,1663915
"lovers","GFS h_max",6,false,,1000000,15922639,1828065
"lovers","GFS h_max",7,false,,1000000,15923355,1720576
"lovers","GFS h_max",8,false,,1000000,15602465,1768356
"lovers","GFS h_max",9,false,,1000000,15800097,1879494
"lovers","GFS h_max",10,false,,1000000,15676838,1735361
"lovers","GFS rp",1,false,,1000000,1597375,10804
"lovers","GFS rp",2,false,,1000000,1896799,247229
"lovers","GFS rp",3,false,,1000000,1901131,237533
"lovers","GFS rp",4,false,,1000000,1571600,13069
"lovers","GFS rp",5,false,,1000000,1581977,202001
"lovers","GFS rp",6,false,,1000000,1596597,202524
"lovers","GFS rp",7,false,,1000000,1559923,201353
"lovers","GFS rp",8,false,,1000000,1593148,400639
"lovers","GFS rp",9,false,,1000000,1820240,428527
"lovers","GFS rp",10,false,,1000000,2016023,254229
"lovers","GFS h+ + pruning ",1,false,,1000000,3445931,870161
"lovers","GFS h+ + pruning ",2,false,,1000000,3485080,712567
"lovers","GFS h+ + pruning ",3,false,,1000000,3517186,723241
"lovers","GFS h+ + pruning ",4,false,,1000000,3555366,932322
"lovers","GFS h+ + pruning ",5,false,,1000000,3547874,1055310
"lovers","GFS h+ + pruning ",6,false,,1000000,3532149,1087627
"lovers","GFS h+ + pruning ",7,false,,1000000,3516358,1092107
"lovers","GFS h+ + pruning ",8,false,,1000000,3481663,1151871
"lovers","GFS h+ + pruning ",9,false,,1000000,3500403,1120857
"lovers","GFS h+ + pruning ",10,false,,1000000,3480271,1163604
"lovers","GFS h_max + pruning ",1,true,5,929912,16954016,5678806
"lovers","GFS h_max + pruning ",2,true,5,928389,16926281,5753403
"lovers","GFS h_max + pruning ",3,true,5,927585,16896325,5979039
"lovers","GFS h_max + pruning ",4,true,5,932110,16998865,5764908
"lovers","GFS h_max + pruning ",5,true,5,929998,16964169,5821808
"lovers","GFS h_max + pruning ",6,true,5,934312,17022777,5819850
"lovers","GFS h_max + pruning ",7,true,5,926838,16882798,5747908
"lovers","GFS h_max + pruning ",8,true,5,967169,17459391,5903671
"lovers","GFS h_max + pruning ",9,true,5,929781,16957388,5193431
"lovers","GFS h_max + pruning ",10,true,5,967840,17475066,5319236
"lovers","GFS rp + pruning ",1,false,,1000000,3373544,1114772
"lovers","GFS rp + pruning ",2,false,,1000000,3573374,1268338
"lovers","GFS rp + pruning ",3,false,,1000000,3539702,1246074
"lovers","GFS rp + pruning ",4,false,,1000000,3375873,917904
"lovers","GFS rp + pruning ",5,false,,1000000,3368911,1115549
"lovers","GFS rp + pruning ",6,false,,1000000,3463173,1163098
"lovers","GFS rp + pruning ",7,false,,1000000,3367292,1160536
"lovers","GFS rp + pruning ",8,false,,1000000,3358661,1161835
"lovers","GFS rp + pruning ",9,false,,1000000,3658192,1309143
"lovers","GFS rp + pruning ",10,false,,1000000,3578704,1287868
"deerhunter_any","BFS",1,true,6,15344,81729,835
"deerhunter_any","BFS",2,true,6,15352,81848,900
"deerhunter_any","BFS",3,true,6,15344,81729,948
"deerhunter_any","BFS",4,true,6,15344,81729,905
"deerhunter_any","BFS",5,true,6,15352,81848,857
"deerhunter_any","BFS",6,true,6,15352,81848,874
"deerhunter_any","BFS",7,true,6,15352,81848,837
"deerhunter_any","BFS",8,true,6,15344,81729,881
"deerhunter_any","BFS",9,true,6,15344,81729,897
"deerhunter_any","BFS",10,true,6,15352,81848,873
"deerhunter_any","BFS prune",1,true,6,7853,64907,4002
"deerhunter_any","BFS prune",2,true,6,7855,64934,3943
"deerhunter_any","BFS prune",3,true,6,7853,64907,4179
"deerhunter_any","BFS prune",4,true,6,7853,64907,4018
"deerhunter_any","BFS prune",5,true,6,7855,64934,4013
"deerhunter_any","BFS prune",6,true,6,7855,64934,4037
"deerhunter_any","BFS prune",7,true,6,7855,64934,4399
"deerhunter_any","BFS prune",8,true,6,7853,64907,4382
"deerhunter_any","BFS prune",9,true,6,7853,64907,3924
"deerhunter_any","BFS prune",10,true,6,7855,64934,3581
"deerhunter_any","A* h+",1,true,6,4472,57760,2674
"deerhunter_any","A* h+",2,true,6,4472,57760,2668
"deerhunter_any","A* h+",3,true,6,4472,57760,2768
"deerhunter_any","A* h+",4,true,6,4472,57760,2648
"deerhunter_any","A* h+",5,true,6,4472,57760,2602
"deerhunter_any","A* h+",6,true,6,4472,57760,2568
"deerhunter_any","A* h+",7,true,6,4472,57760,2646
"deerhunter_any","A* h+",8,true,6,4472,57760,2624
"deerhunter_any","A* h+",9,true,6,4472,57760,2581
"deerhunter_any","A* h+",10,true,6,4472,57760,2614
"deerhunter_any","A* h_max",1,true,6,436,6335,225
"deerhunter_any","A* h_max",2,true,6,437,6353,250
"deerhunter_any","A* h_max",3,true,6,436,6335,233
"deerhunter_any","A* h_max",4,true,6,436,6335,236
"deerhunter_any","A* h_max",5,true,6,437,6353,238
"deerhunter_any","A* h_max",6,true,6,437,6353,-195382
"deerhunter_any","A* h_max",7,true,6,437,6353,233
"deerhunter_any","A* h_max",8,true,6,436,6335,228
"deerhunter_any","A* h_max",9,true,6,436,6335,212
"deerhunter_any","A* h_max",10,true,6,437,6353,211
"deerhunter_any","A* rp",1,true,6,238,3640,143
"deerhunter_any","A* rp",2,true,6,1973,24726,1057
"deerhunter_any","A* rp",3,true,6,1973,24726,1128
"deerhunter_any","A* rp",4,true,6,238,3640,124
"deerhunter_any","A* rp",5,true,6,238,3640,130
"deerhunter_any","A* rp",6,true,6,1973,24726,1126
"deerhunter_any","A* rp",7,true,6,238,3640,152
"deerhunter_any","A* rp",8,true,6,238,3640,111
"deerhunter_any","A* rp",9,true,6,238,3640,127
"deerhunter_any","A* rp",10,true,6,1973,24726,1039
"deerhunter_any","A* h+ + pruning ",1,true,6,3416,50133,11147
"deerhunter_any","A* h+ + pruning ",2,true,6,3416,50133,11082
"deerhunter_any","A* h+ + pruning ",3,true,6,3416,50133,10871
"deerhunter_any","A* h+ + pruning ",4,true,6,3416,50133,11345
"deerhunter_any","A* h+ + pruning ",5,true,6,3416,50133,11314
"deerhunter_any","A* h+ + pruning ",6,true,6,3416,50133,11084
"deerhunter_any","A* h+ + pruning ",7,true,6,3416,50133,11201
"deerhunter_any","A* h+ + pruning ",8,true,6,3416,50133,10606
"deerhunter_any","A* h+ + pruning ",9,true,6,3416,50133,10713
"deerhunter_any","A* h+ + pruning ",10,true,6,3416,50133,11214
"deerhunter_any","A* h_max + pruning ",1,true,6,430,7304,855
"deerhunter_any","A* h_max + pruning ",2,true,6,431,7340,880
"deerhunter_any","A* h_max + pruning ",3,true,6,430,7304,818
"deerhunter_any","A* h_max + pruning ",4,true,6,430,7304,854
"deerhunter_any","A* h_max + pruning ",5,true,6,431,7340,878
"deerhunter_any","A* h_max + pruning ",6,true,6,431,7340,843
"deerhunter_any","A* h_max + pruning ",7,true,6,431,7340,858
"deerhunter_any","A* h_max + pruning ",8,true,6,430,7304,870
"deerhunter_any","A* h_max + pruning ",9,true,6,430,7304,825
"deerhunter_any","A* h_max + pruning ",10,true,6,431,7340,196466
"deerhunter_any","A* rp + pruning ",1,true,6,237,4307,607
"deerhunter_any","A* rp + pruning ",2,true,6,1763,27495,4614
"deerhunter_any","A* rp + pruning ",3,true,6,1763,27495,4514
"deerhunter_any","A* rp + pruning ",4,true,6,237,4307,547
"deerhunter_any","A* rp + pruning ",5,true,6,237,4307,549
"deerhunter_any","A* rp + pruning ",6,true,6,1755,27421,4422
"deerhunter_any","A* rp + pruning ",7,true,6,237,4307,573
"deerhunter_any","A* rp + pruning ",8,true,6,237,4307,570
"deerhunter_any","A* rp + pruning ",9,true,6,237,4307,528
"deerhunter_any","A* rp + pruning ",10,true,6,1755,27421,4607
"deerhunter_any","EFS h+",1,true,6,65,485,20
"deerhunter_any","EFS h+",2,true,6,65,485,19
"deerhunter_any","EFS h+",3,true,6,65,485,16
"deerhunter_any","EFS h+",4,true,6,65,485,20
"deerhunter_any","EFS h+",5,true,6,65,485,20
"deerhunter_any","EFS h+",6,true,6,65,485,20
"deerhunter_any","EFS h+",7,true,6,65,485,21
"deerhunter_any","EFS h+",8,true,6,65,485,18
"deerhunter_any","EFS h+",9,true,6,65,485,19
"deerhunter_any","EFS h+",10,true,6,65,485,21
"deerhunter_any","EFS h_max",1,true,6,190,1571,67
"deerhunter_any","EFS h_max",2,true,6,197,1641,72
"deerhunter_any","EFS h_max",3,true,6,190,1571,56
"deerhunter_any","EFS h_max",4,true,6,190,1571,69
"deerhunter_any","EFS h_max",5,true,6,197,1641,71
"deerhunter_any","EFS h_max",6,true,6,197,1641,70
"deerhunter_any","EFS h_max",7,true,6,197,1641,70
"deerhunter_any","EFS h_max",8,true,6,190,1571,-195514
"deerhunter_any","EFS h_max",9,true,6,190,1571,49
"deerhunter_any","EFS h_max",10,true,6,197,1641,63
"deerhunter_any","EFS rp",1,true,6,157,1037,30
"deerhunter_any","EFS rp",2,true,6,103,752,34
"deerhunter_any","EFS rp",3,true,6,103,752,26
"deerhunter_any","EFS rp",4,true,6,157,1037,34
"deerhunter_any","EFS rp",5,true,6,143,900,33
"deerhunter_any","EFS rp",6,true,6,117,885,38
"deerhunter_any","EFS rp",7,true,6,143,904,35
"deerhunter_any","EFS rp",8,true,6,145,916,31
"deerhunter_any","EFS rp",9,true,6,143,900,36
"deerhunter_any","EFS rp",10,true,6,103,748,30
"deerhunter_any","EFS h+ + pruning ",1,true,6,45,514,39
"deerhunter_any","EFS h+ + pruning ",2,true,6,45,514,39
"deerhunter_any","EFS h+ + pruning ",3,true,6,45,514,39
"deerhunter_any","EFS h+ + pruning ",4,true,6,45,514,45
"deerhunter_any","EFS h+ + pruning ",5,true,6,45,514,50
"deerhunter_any","EFS h+ + pruning ",6,true,6,45,514,46
"deerhunter_any","EFS h+ + pruning ",7,true,6,45,514,42
"deerhunter_any","EFS h+ + pruning ",8,true,6,45,514,48
"deerhunter_any","EFS h+ + pruning ",9,true,6,45,514,46
"deerhunter_any","EFS h+ + pruning ",10,true,6,45,514,42
"deerhunter_any","EFS h_max + pruning ",1,true,6,148,1565,143
"deerhunter_any","EFS h_max + pruning ",2,true,6,155,1682,155
"deerhunter_any","EFS h_max + pruning ",3,true,6,148,1565,142
"deerhunter_any","EFS h_max + pruning ",4,true,6,148,1565,195723
"deerhunter_any","EFS h_max + pruning ",5,true,6,155,1682,-195425
"deerhunter_any","EFS h_max + pruning ",6,true,6,155,1682,139
"deerhunter_any","EFS h_max + pruning ",7,true,6,155,1682,142
"deerhunter_any","EFS h_max + pruning ",8,true,6,148,1565,144
"deerhunter_any","EFS h_max + pruning ",9,true,6,148,1565,141
"deerhunter_any","EFS h_max + pruning ",10,true,6,155,1682,139
"deerhunter_any","EFS rp + pruning ",1,true,6,127,1125,102
"deerhunter_any","EFS rp + pruning ",2,true,6,93,894,82
"deerhunter_any","EFS rp + pruning ",3,true,6,93,894,87
"deerhunter_any","EFS rp + pruning ",4,true,6,127,1125,114
"deerhunter_any","EFS rp + pruning ",5,true,6,113,978,105
"deerhunter_any","EFS rp + pruning ",6,true,6,107,1037,105
"deerhunter_any","EFS rp + pruning ",7,true,6,113,982,102
"deerhunter_any","EFS rp + pruning ",8,true,6,115,1008,87
"deerhunter_any","EFS rp + pruning ",9,true,6,113,978,102
"deerhunter_any","EFS rp + pruning ",10,true,6,93,890,98
"deerhunter_any","GFS h+",1,true,6,89805,182806,9458
"deerhunter_any","GFS h+",2,true,6,89805,182806,9889
"deerhunter_any","GFS h+",3,true,6,89805,182806,9928
"deerhunter_any","GFS h+",4,true,6,89805,182806,9856
"deerhunter_any","GFS h+",5,true,6,89805,182806,9359
"deerhunter_any","GFS h+",6,true,6,89805,182806,9538
"deerhunter_any","GFS h+",7,true,6,89805,182806,10007
"deerhunter_any","GFS h+",8,true,6,89805,182806,9574
"deerhunter_any","GFS h+",9,true,6,89805,182806,9698
"deerhunter_any","GFS h+",10,true,6,89805,182806,9600
"deerhunter_any","GFS h_max",1,true,6,1791,10667,449
"deerhunter_any","GFS h_max",2,true,6,1792,10680,435
"deerhunter_any","GFS h_max",3,true,6,1791,10667,460
"deerhunter_any","GFS h_max",4,true,6,1791,10667,434
"deerhunter_any","GFS h_max",5,true,6,1792,10680,478
"deerhunter_any","GFS h_max",6,true,6,1792,10680,477
"deerhunter_any","GFS h_max",7,true,6,1792,10680,464
"deerhunter_any","GFS h_max",8,true,6,1791,10667,449
"deerhunter_any","GFS h_max",9,true,6,1791,10667,481
"deerhunter_any","GFS h_max",10,true,6,1792,10680,444
"deerhunter_any","GFS rp",1,true,6,9454,17221,893
"deerhunter_any","GFS rp",2,true,6,28762,67134,3610
"deerhunter_any","GFS rp",3,true,6,28762,67134,3655
"deerhunter_any","GFS rp",4,true,6,9454,17221,917
"deerhunter_any","GFS rp",5,true,6,9454,17221,980
"deerhunter_any","GFS rp",6,true,6,28762,67134,3566
"deerhunter_any","GFS rp",7,true,6,9454,17221,935
"deerhunter_any","GFS rp",8,true,6,9454,17221,196455
"deerhunter_any","GFS rp",9,true,6,9454,17221,931
"deerhunter_any","GFS rp",10,true,6,28762,67134,3454
"deerhunter_any","GFS h+ + pruning ",1,true,6,36087,165590,46743
"deerhunter_any","GFS h+ + pruning ",2,true,6,36087,165590,47350
"deerhunter_any","GFS h+ + pruning ",3,true,6,36087,165590,48951
"deerhunter_any","GFS h+ + pruning ",4,true,6,36087,165590,49756
"deerhunter_any","GFS h+ + pruning ",5,true,6,36087,165590,50907
"deerhunter_any","GFS h+ + pruning ",6,true,6,36087,165590,51149
"deerhunter_any","GFS h+ + pruning ",7,true,6,36087,165590,51498
"deerhunter_any","GFS h+ + pruning ",8,true,6,36087,165590,51534
"deerhunter_any","GFS h+ + pruning ",9,true,6,36087,165590,53509
"deerhunter_any","GFS h+ + pruning ",10,true,6,36087,165590,53598
"deerhunter_any","GFS h_max + pruning ",1,true,6,1569,14838,3428
"deerhunter_any","GFS h_max + pruning ",2,true,6,1570,14869,3631
"deerhunter_any","GFS h_max + pruning ",3,true,6,1569,14838,3680
"deerhunter_any","GFS h_max + pruning ",4,true,6,1569,14838,3589
"deerhunter_any","GFS h_max + pruning ",5,true,6,1570,14869,3635
"deerhunter_any","GFS h_max + pruning ",6,true,6,1570,14869,3592
"deerhunter_any","GFS h_max + pruning ",7,true,6,1570,14869,3491
"deerhunter_any","GFS h_max + pruning ",8,true,6,1569,14838,3542
"deerhunter_any","GFS h_max + pruning ",9,true,6,1569,14838,3579
"deerhunter_any","GFS h_max + pruning ",10,true,6,1570,14869,3602
"deerhunter_any","GFS rp + pruning ",1,true,6,5685,23174,6715
"deerhunter_any","GFS rp + pruning ",2,true,6,11118,61425,16897
"deerhunter_any","GFS rp + pruning ",3,true,6,11118,61425,17295
"deerhunter_any","GFS rp + pruning ",4,true,6,5685,23174,6866
"deerhunter_any","GFS rp + pruning ",5,true,6,5685,23174,7179
"deerhunter_any","GFS rp + pruning ",6,true,6,11118,61425,17012
"deerhunter_any","GFS rp + pruning ",7,true,6,5685,23174,6745
"deerhunter_any","GFS rp + pruning ",8,true,6,5685,23174,6683
"deerhunter_any","GFS rp + pruning ",9,true,6,5685,23174,6726
"deerhunter_any","GFS rp + pruning ",10,true,6,11118,61425,16176
"hospital_any","BFS",1,true,4,39569,755032,11723
"hospital_any","BFS",2,true,4,39626,756042,11620
"hospital_any","BFS",3,true,4,40325,761128,11783
"hospital_any","BFS",4,true,4,39616,755796,11745
"hospital_any","BFS",5,true,4,40185,758769,11897
"hospital_any","BFS",6,true,4,39607,755576,11563
"hospital_any","BFS",7,true,4,40214,759291,11562
"hospital_any","BFS",8,true,4,40184,758937,11607
"hospital_any","BFS",9,true,4,39597,755520,11618
"hospital_any","BFS",10,true,4,39619,755866,-183821
"hospital_any","BFS prune",1,true,4,29103,731035,93158
"hospital_any","BFS prune",2,true,4,29155,732057,94091
"hospital_any","BFS prune",3,true,4,29602,737108,95691
"hospital_any","BFS prune",4,true,4,29148,731837,94624
"hospital_any","BFS prune",5,true,4,29481,734822,96035
"hospital_any","BFS prune",6,true,4,29141,731643,98770
"hospital_any","BFS prune",7,true,4,29505,735272,99159
"hospital_any","BFS prune",8,true,4,29478,734984,99977
"hospital_any","BFS prune",9,true,4,29131,731607,90227
"hospital_any","BFS prune",10,true,4,29152,731959,88600
"hospital_any","A* h+",1,true,4,317,9243,1084
"hospital_any","A* h+",2,true,4,317,9243,1125
"hospital_any","A* h+",3,true,4,317,9243,1043
"hospital_any","A* h+",4,true,4,317,9243,1057
"hospital_any","A* h+",5,true,4,317,9243,196701
"hospital_any","A* h+",6,true,4,317,9243,1125
"hospital_any","A* h+",7,true,4,317,9243,1003
"hospital_any","A* h+",8,true,4,317,9243,1094
"hospital_any","A* h+",9,true,4,317,9243,1108
"hospital_any","A* h+",10,true,4,317,9243,1128
"hospital_any","A* h_max",1,true,4,347,10047,1067
"hospital_any","A* h_max",2,true,4,347,10047,1063
"hospital_any","A* h_max",3,true,4,347,10047,1093
"hospital_any","A* h_max",4,true,4,347,10047,1082
"hospital_any","A* h_max",5,true,4,347,10047,1050
"hospital_any","A* h_max",6,true,4,347,10047,-194590
"hospital_any","A* h_max",7,true,4,347,10047,1030
"hospital_any","A* h_max",8,true,4,347,10047,1060
"hospital_any","A* h_max",9,true,4,347,10047,1081
"hospital_any","A* h_max",10,true,4,347,10047,1097
"hospital_any","A* rp",1,true,4,153,4531,557
"hospital_any","A* rp",2,true,4,47539,495761,55536
"hospital_any","A* rp",3,true,4,135,3919,435
"hospital_any","A* rp",4,true,4,457,13542,1628
"hospital_any","A* rp",5,true,4,135,3919,457
"hospital_any","A* rp",6,true,4,135,3919,415
"hospital_any","A* rp",7,true,4,1768,32663,3822
"hospital_any","A* rp",8,true,4,117,3307,450
"hospital_any","A* rp",9,true,4,488,14463,1637
"hospital_any","A* rp",10,true,4,3232,89860,10114
"hospital_any","A* h+ + pruning ",1,true,4,317,12170,1896
"hospital_any","A* h+ + pruning ",2,true,4,317,12170,2066
"hospital_any","A* h+ + pruning ",3,true,4,317,12170,-193534
"hospital_any","A* h+ + pruning ",4,true,4,317,12170,2060
"hospital_any","A* h+ + pruning ",5,true,4,317,12170,1937
"hospital_any","A* h+ + pruning ",6,true,4,317,12170,2010
"hospital_any","A* h+ + pruning ",7,true,4,317,12170,1976
"hospital_any","A* h+ + pruning ",8,true,4,317,12170,2029
"hospital_any","A* h+ + pruning ",9,true,4,317,12170,2238
"hospital_any","A* h+ + pruning ",10,true,4,317,12170,2169
"hospital_any","A* h_max + pruning ",1,true,4,347,12950,2105
"hospital_any","A* h_max + pruning ",2,true,4,347,12950,2099
"hospital_any","A* h_max + pruning ",3,true,4,347,12950,2110
"hospital_any","A* h_max + pruning ",4,true,4,347,12950,2194
"hospital_any","A* h_max + pruning ",5,true,4,347,12950,2091
"hospital_any","A* h_max + pruning ",6,true,4,347,12950,2129
"hospital_any","A* h_max + pruning ",7,true,4,347,12950,2127
"hospital_any","A* h_max + pruning ",8,true,4,347,12950,2212
"hospital_any","A* h_max + pruning ",9,true,4,347,12950,2149
"hospital_any","A* h_max + pruning ",10,true,4,347,12950,2136
"hospital_any","A* rp + pruning ",1,true,4,153,6419,1048
"hospital_any","A* rp + pruning ",2,true,4,46960,678593,111814
"hospital_any","A* rp + pruning ",3,true,4,135,5372,935
"hospital_any","A* rp + pruning ",4,true,4,457,19286,3585
"hospital_any","A* rp + pruning ",5,true,4,135,5372,938
"hospital_any","A* rp + pruning ",6,true,4,135,5372,911
"hospital_any","A* rp + pruning ",7,true,4,1837,45088,8002
"hospital_any","A* rp + pruning ",8,true,4,117,4325,773
"hospital_any","A* rp + pruning ",9,true,4,488,20484,3721
"hospital_any","A* rp + pruning ",10,true,4,3535,122278,22355
"hospital_any","EFS h+",1,false,,1000000,3747401,350112
"hospital_any","EFS h+",2,false,,1000000,3746806,354260
"hospital_any","EFS h+",3,false,,1000000,3747464,355984
"hospital_any","EFS h+",4,false,,1000000,3745572,345682
"hospital_any","EFS h+",5,false,,1000000,3746942,337621
"hospital_any","EFS h+",6,false,,1000000,3748564,334052
"hospital_any","EFS h+",7,false,,1000000,3748750,334024
"hospital_any","EFS h+",8,false,,1000000,3747232,339498
"hospital_any","EFS h+",9,false,,1000000,3748504,333317
"hospital_any","EFS h+",10,false,,1000000,3748439,353309
"hospital_any","EFS h_max",1,true,4,133494,2326279,214225
"hospital_any","EFS h_max",2,true,4,133666,2328462,219599
"hospital_any","EFS h_max",3,true,4,133852,2329603,203691
"hospital_any","EFS h_max",4,true,4,133360,2325027,212081
"hospital_any","EFS h_max",5,true,4,133914,2331512,205357
"hospital_any","EFS h_max",6,true,4,133338,2325436,208795
"hospital_any","EFS h_max",7,true,4,133920,2333542,218312
"hospital_any","EFS h_max",8,true,4,133954,2332738,215224
"hospital_any","EFS h_max",9,true,4,133295,2324780,206491
"hospital_any","EFS h_max",10,true,4,133781,2331268,203168
"hospital_any","EFS rp",1,true,4,983987,3659034,337423
"hospital_any","EFS rp",2,true,5,594481,2493247,219456
"hospital_any","EFS rp",3,true,4,945707,3452290,330687
"hospital_any","EFS rp",4,false,,1000000,4081137,378249
"hospital_any","EFS rp",5,true,4,919282,3384318,315296
"hospital_any","EFS rp",6,true,4,908610,3347542,313148
"hospital_any","EFS rp",7,true,4,951950,3512643,327134
"hospital_any","EFS rp",8,true,4,900904,3309658,311882
"hospital_any","EFS rp",9,false,,1000000,4078218,389147
"hospital_any","EFS rp",10,true,5,703556,2847406,271929
"hospital_any","EFS h+ + pruning ",1,false,,1000000,4499070,653790
"hospital_any","EFS h+ + pruning ",2,false,,1000000,4504993,704039
"hospital_any","EFS h+ + pruning ",3,false,,1000000,4499152,706986
"hospital_any","EFS h+ + pruning ",4,false,,1000000,4498193,699426
"hospital_any","EFS h+ + pruning ",5,false,,1000000,4501399,699522
"hospital_any","EFS h+ + pruning ",6,false,,1000000,4499113,695056
"hospital_any","EFS h+ + pruning ",7,false,,1000000,4499134,684090
"hospital_any","EFS h+ + pruning ",8,false,,1000000,4501540,465008
"hospital_any","EFS h+ + pruning ",9,false,,1000000,4499178,660728
"hospital_any","EFS h+ + pruning ",10,false,,1000000,4498673,671378
"hospital_any","EFS h_max + pruning ",1,true,4,102898,2168683,295809
"hospital_any","EFS h_max + pruning ",2,true,4,103248,2170568,323008
"hospital_any","EFS h_max + pruning ",3,true,4,103664,2176475,326967
"hospital_any","EFS h_max + pruning ",4,true,4,102825,2166687,323568
"hospital_any","EFS h_max + pruning ",5,true,4,103650,2177372,325027
"hospital_any","EFS h_max + pruning ",6,true,4,103132,2171040,322310
"hospital_any","EFS h_max + pruning ",7,true,4,103567,2178154,321817
"hospital_any","EFS h_max + pruning ",8,true,4,103658,2177347,321827
"hospital_any","EFS h_max + pruning ",9,true,4,103098,2170249,319994
"hospital_any","EFS h_max + pruning ",10,true,4,103516,2178546,331096
"hospital_any","EFS rp + pruning ",1,true,4,685704,3098203,670823
"hospital_any","EFS rp + pruning ",2,true,5,428284,2200351,323589
"hospital_any","EFS rp + pruning ",3,true,4,667409,2989103,466441
"hospital_any","EFS rp + pruning ",4,false,,1000000,5187557,820416
"hospital_any","EFS rp + pruning ",5,true,4,648305,2916400,635929
"hospital_any","EFS rp + pruning ",6,true,4,636930,2870548,433728
"hospital_any","EFS rp + pruning ",7,true,4,671588,3024345,456888
"hospital_any","EFS rp + pruning ",8,true,4,639030,2875381,434574
"hospital_any","EFS rp + pruning ",9,false,,1000000,5171066,790917
"hospital_any","EFS rp + pruning ",10,true,5,504131,2585711,406127
"hospital_any","GFS h+",1,true,4,39,875,114
"hospital_any","GFS h+",2,true,4,96895,131651,12225
"hospital_any","GFS h+",3,true,4,39,875,120
"hospital_any","GFS h+",4,true,4,96895,131671,12492
"hospital_any","GFS h+",5,true,4,39,875,117
"hospital_any","GFS h+",6,true,4,39,875,106
"hospital_any","GFS h+",7,true,4,96895,131651,12083
"hospital_any","GFS h+",8,true,4,96895,131671,12294
"hospital_any","GFS h+",9,true,4,96895,131691,12259
"hospital_any","GFS h+",10,true,4,39,875,-195483
"hospital_any","GFS h_max",1,true,4,54,1196,113
"hospital_any","GFS h_max",2,true,4,810,12645,1141
"hospital_any","GFS h_max",3,true,4,54,1196,147
"hospital_any","GFS h_max",4,true,4,810,12645,1172
"hospital_any","GFS h_max",5,true,4,54,1196,130
"hospital_any","GFS h_max",6,true,4,54,1196,126
"hospital_any","GFS h_max",7,true,4,810,12645,1123
"hospital_any","GFS h_max",8,true,4,810,12645,1105
"hospital_any","GFS h_max",9,true,4,810,12645,1125
"hospital_any","GFS h_max",10,true,4,54,1196,139
"hospital_any","GFS rp",1,true,4,23,545,73
"hospital_any","GFS rp",2,true,4,28874,46373,4675
"hospital_any","GFS rp",3,true,4,23,545,78
"hospital_any","GFS rp",4,true,5,11723,27105,2724
"hospital_any","GFS rp",5,true,4,23,545,78
"hospital_any","GFS rp",6,true,4,23,545,86
"hospital_any","GFS rp",7,true,4,95991,131402,13698
"hospital_any","GFS rp",8,true,4,23,545,76
"hospital_any","GFS rp",9,true,5,11511,26085,2672
"hospital_any","GFS rp",10,true,5,10332,23032,2398
"hospital_any","GFS h+ + pruning ",1,true,4,39,1033,194
"hospital_any","GFS h+ + pruning ",2,true,4,81216,159257,34797
"hospital_any","GFS h+ + pruning ",3,true,4,39,1033,-195395
"hospital_any","GFS h+ + pruning ",4,true,4,81216,159277,35707
"hospital_any","GFS h+ + pruning ",5,true,4,39,1033,207
"hospital_any","GFS h+ + pruning ",6,true,4,39,1033,201
"hospital_any","GFS h+ + pruning ",7,true,4,81216,159257,36350
"hospital_any","GFS h+ + pruning ",8,true,4,81216,159277,35900
"hospital_any","GFS h+ + pruning ",9,true,4,81216,159297,37165
"hospital_any","GFS h+ + pruning ",10,true,4,39,1033,289
"hospital_any","GFS h_max + pruning ",1,true,4,54,1354,218
"hospital_any","GFS h_max + pruning ",2,true,4,789,16358,3401
"hospital_any","GFS h_max + pruning ",3,true,4,54,1354,227
"hospital_any","GFS h_max + pruning ",4,true,4,789,16358,3357
"hospital_any","GFS h_max + pruning ",5,true,4,54,1354,224
"hospital_any","GFS h_max + pruning ",6,true,4,54,1354,192
"hospital_any","GFS h_max + pruning ",7,true,4,789,16358,3271
"hospital_any","GFS h_max + pruning ",8,true,4,789,16358,3575
"hospital_any","GFS h_max + pruning ",9,true,4,789,16358,3620
"hospital_any","GFS h_max + pruning ",10,true,4,54,1354,261
"hospital_any","GFS rp + pruning ",1,true,4,23,703,137
"hospital_any","GFS rp + pruning ",2,true,4,24370,55837,14686
"hospital_any","GFS rp + pruning ",3,true,4,23,703,136
"hospital_any","GFS rp + pruning ",4,true,5,10883,39065,5693
"hospital_any","GFS rp + pruning ",5,true,4,23,703,154
"hospital_any","GFS rp + pruning ",6,true,4,23,703,145
"hospital_any","GFS rp + pruning ",7,true,4,79657,159026,33039
"hospital_any","GFS rp + pruning ",8,true,4,23,703,152
"hospital_any","GFS rp + pruning ",9,true,5,10690,37827,6056
"hospital_any","GFS rp + pruning ",10,true,5,9551,32386,4976
"deerhunter_both","BFS",1,false,,1000000,5392206,811179
"deerhunter_both","BFS",2,false,,1000000,5392206,815950
"deerhunter_both","BFS",3,false,,1000000,5392206,815248
"deerhunter_both","BFS",4,false,,1000000,5392206,812839
"deerhunter_both","BFS",5,false,,1000000,5392206,815114
"deerhunter_both","BFS",6,false,,1000000,5392206,802132
"deerhunter_both","BFS",7,false,,1000000,5392206,794291
"deerhunter_both","BFS",8,false,,1000000,5392206,720685
"deerhunter_both","BFS",9,false,,1000000,5392206,642873
"deerhunter_both","BFS",10,false,,1000000,5392206,642261
"deerhunter_both","BFS prune",1,true,10,438291,3264991,626168
"deerhunter_both","BFS prune",2,true,10,438248,3264543,627012
"deerhunter_both","BFS prune",3,true,10,438291,3264991,635057
"deerhunter_both","BFS prune",4,true,10,438291,3264991,699886
"deerhunter_both","BFS prune",5,true,10,438248,3264543,704264
"deerhunter_both","BFS prune",6,true,10,438248,3264543,709408
"deerhunter_both","BFS prune",7,true,10,438248,3264543,643097
"deerhunter_both","BFS prune",8,true,10,438291,3264991,644891
"deerhunter_both","BFS prune",9,true,10,438291,3264991,644517
"deerhunter_both","BFS prune",10,true,10,438248,3264543,642354
"deerhunter_both","A* h+",1,false,,1000000,10497401,2746604
"deerhunter_both","A* h+",2,false,,1000000,10497401,2797825
"deerhunter_both","A* h+",3,false,,1000000,10497401,2800872
"deerhunter_both","A* h+",4,false,,1000000,10497401,2826499
"deerhunter_both","A* h+",5,false,,1000000,10497401,2637283
"deerhunter_both","A* h+",6,false,,1000000,10497401,2630763
"deerhunter_both","A* h+",7,false,,1000000,10497401,2818818
"deerhunter_both","A* h+",8,false,,1000000,10497401,2837252
"deerhunter_both","A* h+",9,false,,1000000,10497401,2763856
"deerhunter_both","A* h+",10,false,,1000000,10497401,2743304
"deerhunter_both","A* h_max",1,false,,1000000,10721164,1542398
"deerhunter_both","A* h_max",2,false,,1000000,10721164,1549031
"deerhunter_both","A* h_max",3,false,,1000000,10721164,1534647
"deerhunter_both","A* h_max",4,false,,1000000,10721164,1544492
"deerhunter_both","A* h_max",5,false,,1000000,10721164,1526198
"deerhunter_both","A* h_max",6,false,,1000000,10721164,1528714
"deerhunter_both","A* h_max",7,false,,1000000,10721164,1569229
"deerhunter_both","A* h_max",8,false,,1000000,10721164,1559067
"deerhunter_both","A* h_max",9,false,,1000000,10721164,1560812
"deerhunter_both","A* h_max",10,false,,1000000,10721164,1575767
"deerhunter_both","A* rp",1,true,10,869243,9215285,3156130
"deerhunter_both","A* rp",2,true,10,633422,6669054,1114341
"deerhunter_both","A* rp",3,true,10,633448,6669270,1136095
"deerhunter_both","A* rp",4,true,10,868886,9211844,2880617
"deerhunter_both","A* rp",5,true,10,868489,9214337,3044751
"deerhunter_both","A* rp",6,true,10,633259,6667495,1154474
"deerhunter_both","A* rp",7,true,10,868984,9215357,3020789
"deerhunter_both","A* rp",8,true,10,868726,9214657,3004047
"deerhunter_both","A* rp",9,true,10,868474,9211661,2980712
"deerhunter_both","A* rp",10,true,10,632618,6663528,1103059
"deerhunter_both","A* h+ + pruning ",1,true,10,144653,1441179,251649
"deerhunter_both","A* h+ + pruning ",2,true,10,144653,1441179,260935
"deerhunter_both","A* h+ + pruning ",3,true,10,144653,1441179,314348
"deerhunter_both","A* h+ + pruning ",4,true,10,144653,1441179,313443
"deerhunter_both","A* h+ + pruning ",5,true,10,144653,1441179,368748
"deerhunter_both","A* h+ + pruning ",6,true,10,144653,1441179,380456
"deerhunter_both","A* h+ + pruning ",7,true,10,144653,1441179,392481
"deerhunter_both","A* h+ + pruning ",8,true,10,144653,1441179,392313
"deerhunter_both","A* h+ + pruning ",9,true,10,144653,1441179,210751
"deerhunter_both","A* h+ + pruning ",10,true,10,144653,1441179,420058
"deerhunter_both","A* h_max + pruning ",1,true,10,157923,1505191,501994
"deerhunter_both","A* h_max + pruning ",2,true,10,157865,1504681,507122
"deerhunter_both","A* h_max + pruning ",3,true,10,157923,1505191,530273
"deerhunter_both","A* h_max + pruning ",4,true,10,157923,1505191,558300
"deerhunter_both","A* h_max + pruning ",5,true,10,157865,1504681,650962
"deerhunter_both","A* h_max + pruning ",6,true,10,157865,1504681,703491
"deerhunter_both","A* h_max + pruning ",7,true,10,157865,1504681,712319
"deerhunter_both","A* h_max + pruning ",8,true,10,157923,1505191,718005
"deerhunter_both","A* h_max + pruning ",9,true,10,157923,1505191,731896
"deerhunter_both","A* h_max + pruning ",10,true,10,157865,1504681,751210
"deerhunter_both","A* rp + pruning ",1,true,10,131651,1629377,755040
"deerhunter_both","A* rp + pruning ",2,true,10,118422,1423137,673960
"deerhunter_both","A* rp + pruning ",3,true,10,118392,1422924,670550
"deerhunter_both","A* rp + pruning ",4,true,10,131548,1628306,733154
"deerhunter_both","A* rp + pruning ",5,true,10,131197,1628147,723616
"deerhunter_both","A* rp + pruning ",6,true,10,118340,1422984,658915
"deerhunter_both","A* rp + pruning ",7,true,10,131630,1628978,688794
"deerhunter_both","A* rp + pruning ",8,true,10,131108,1628011,661807
"deerhunter_both","A* rp + pruning ",9,true,10,131160,1627571,630231
"deerhunter_both","A* rp + pruning ",10,true,10,117776,1421063,392015
"deerhunter_both","EFS h+",1,true,10,94330,534737,38148
"deerhunter_both","EFS h+",2,true,10,94259,534737,39537
"deerhunter_both","EFS h+",3,true,10,94330,534737,39381
"deerhunter_both","EFS h+",4,true,10,94330,534737,38754
"deerhunter_both","EFS h+",5,true,10,94259,534737,38893
"deerhunter_both","EFS h+",6,true,10,94259,534737,39355
"deerhunter_both","EFS h+",7,true,10,94259,534737,38803
"deerhunter_both","EFS h+",8,true,10,94330,534737,38811
"deerhunter_both","EFS h+",9,true,10,94330,534737,38626
"deerhunter_both","EFS h+",10,true,10,94259,534737,38966
"deerhunter_both","EFS h_max",1,true,10,79127,662009,52933
"deerhunter_both","EFS h_max",2,true,10,79043,661965,52566
"deerhunter_both","EFS h_max",3,true,10,79127,662009,52767
"deerhunter_both","EFS h_max",4,true,10,79127,662009,53345
"deerhunter_both","EFS h_max",5,true,10,79043,661965,51867
"deerhunter_both","EFS h_max",6,true,10,79043,661965,52524
"deerhunter_both","EFS h_max",7,true,10,79043,661965,52595
"deerhunter_both","EFS h_max",8,true,10,79127,662009,52421
"deerhunter_both","EFS h_max",9,true,10,79127,662009,53205
"deerhunter_both","EFS h_max",10,true,10,79043,661965,249151
"deerhunter_both","EFS rp",1,true,10,87243,536860,241271
"deerhunter_both","EFS rp",2,true,10,41440,212971,12008
"deerhunter_both","EFS rp",3,true,10,41440,212971,11888
"deerhunter_both","EFS rp",4,true,10,87243,536860,45612
"deerhunter_both","EFS rp",5,true,10,85711,541337,241679
"deerhunter_both","EFS rp",6,true,10,42395,215462,12099
"deerhunter_both","EFS rp",7,true,10,84181,530279,45248
"deerhunter_both","EFS rp",8,true,10,85813,532204,45411
"deerhunter_both","EFS rp",9,true,10,86281,542407,46089
"deerhunter_both","EFS rp",10,true,10,42060,214664,207659
"deerhunter_both","EFS h+ + pruning ",1,true,10,5047,54382,6015
"deerhunter_both","EFS h+ + pruning ",2,true,10,5041,54354,5992
"deerhunter_both","EFS h+ + pruning ",3,true,10,5047,54382,6038
"deerhunter_both","EFS h+ + pruning ",4,true,10,5047,54382,-189762
"deerhunter_both","EFS h+ + pruning ",5,true,10,5041,54354,-189722
"deerhunter_both","EFS h+ + pruning ",6,true,10,5041,54354,-189776
"deerhunter_both","EFS h+ + pruning ",7,true,10,5041,54354,6681
"deerhunter_both","EFS h+ + pruning ",8,true,10,5047,54382,6578
"deerhunter_both","EFS h+ + pruning ",9,true,10,5047,54382,6587
"deerhunter_both","EFS h+ + pruning ",10,true,10,5041,54354,6518
"deerhunter_both","EFS h_max + pruning ",1,true,10,3561,47840,6307
"deerhunter_both","EFS h_max + pruning ",2,true,10,3563,47856,6332
"deerhunter_both","EFS h_max + pruning ",3,true,10,3561,47840,6326
"deerhunter_both","EFS h_max + pruning ",4,true,10,3561,47840,6171
"deerhunter_both","EFS h_max + pruning ",5,true,10,3563,47856,6612
"deerhunter_both","EFS h_max + pruning ",6,true,10,3563,47856,7275
"deerhunter_both","EFS h_max + pruning ",7,true,10,3563,47856,7290
"deerhunter_both","EFS h_max + pruning ",8,true,10,3561,47840,7206
"deerhunter_both","EFS h_max + pruning ",9,true,10,3561,47840,7220
"deerhunter_both","EFS h_max + pruning ",10,true,10,3563,47856,7235
"deerhunter_both","EFS rp + pruning ",1,true,10,5660,66143,9040
"deerhunter_both","EFS rp + pruning ",2,true,10,5591,65382,8599
"deerhunter_both","EFS rp + pruning ",3,true,10,5591,65382,8342
"deerhunter_both","EFS rp + pruning ",4,true,10,5660,66143,10311
"deerhunter_both","EFS rp + pruning ",5,true,10,5680,65953,10380
"deerhunter_both","EFS rp + pruning ",6,true,10,5661,65421,10103
"deerhunter_both","EFS rp + pruning ",7,true,10,5536,65681,10075
"deerhunter_both","EFS rp + pruning ",8,true,10,5604,66137,10177
"deerhunter_both","EFS rp + pruning ",9,true,10,5722,66223,9843
"deerhunter_both","EFS rp + pruning ",10,true,10,5627,65415,9185
"deerhunter_both","GFS h+",1,false,,1000000,2298471,122822
"deerhunter_both","GFS h+",2,false,,1000000,2298471,123098
"deerhunter_both","GFS h+",3,false,,1000000,2298471,123040
"deerhunter_both","GFS h+",4,false,,1000000,2298471,122311
"deerhunter_both","GFS h+",5,false,,1000000,2298471,122604
"deerhunter_both","GFS h+",6,false,,1000000,2298471,123036
"deerhunter_both","GFS h+",7,false,,1000000,2298471,122114
"deerhunter_both","GFS h+",8,false,,1000000,2298471,123193
"deerhunter_both","GFS h+",9,false,,1000000,2298471,122815
"deerhunter_both","GFS h+",10,false,,1000000,2298471,122509
"deerhunter_both","GFS h_max",1,false,,1000000,6311125,301374
"deerhunter_both","GFS h_max",2,false,,1000000,6311125,300445
"deerhunter_both","GFS h_max",3,false,,1000000,6311125,301521
"deerhunter_both","GFS h_max",4,false,,1000000,6311125,302743
"deerhunter_both","GFS h_max",5,false,,1000000,6311125,301522
"deerhunter_both","GFS h_max",6,false,,1000000,6311125,302904
"deerhunter_both","GFS h_max",7,false,,1000000,6311125,306869
"deerhunter_both","GFS h_max",8,false,,1000000,6311125,305621
"deerhunter_both","GFS h_max",9,false,,1000000,6311125,301249
"deerhunter_both","GFS h_max",10,false,,1000000,6311125,299915
"deerhunter_both","GFS rp",1,false,,1000000,2421674,130837
"deerhunter_both","GFS rp",2,false,,1000000,2574920,137334
"deerhunter_both","GFS rp",3,false,,1000000,2574920,138604
"deerhunter_both","GFS rp",4,false,,1000000,2421674,131543
"deerhunter_both","GFS rp",5,false,,1000000,2421641,132599
"deerhunter_both","GFS rp",6,false,,1000000,2574920,136430
"deerhunter_both","GFS rp",7,false,,1000000,2421688,129634
"deerhunter_both","GFS rp",8,false,,1000000,2421674,130567
"deerhunter_both","GFS rp",9,false,,1000000,2421641,130150
"deerhunter_both","GFS rp",10,false,,1000000,2574920,137752
"deerhunter_both","GFS h+ + pruning ",1,true,10,611727,3094243,1578204
"deerhunter_both","GFS h+ + pruning ",2,true,10,611727,3094243,1577475
"deerhunter_both","GFS h+ + pruning ",3,true,10,611727,3094243,1580306
"deerhunter_both","GFS h+ + pruning ",4,true,10,611727,3094243,1581893
"deerhunter_both","GFS h+ + pruning ",5,true,10,611727,3094243,1590870
"deerhunter_both","GFS h+ + pruning ",6,true,10,611727,3094243,1597844
"deerhunter_both","GFS h+ + pruning ",7,true,10,611727,3094243,1594071
"deerhunter_both","GFS h+ + pruning ",8,true,10,611727,3094243,1596088
"deerhunter_both","GFS h+ + pruning ",9,true,10,611727,3094243,1607152
"deerhunter_both","GFS h+ + pruning ",10,true,10,611727,3094243,1599762
"deerhunter_both","GFS h_max + pruning ",1,true,10,323197,2504819,1361772
"deerhunter_both","GFS h_max + pruning ",2,true,10,323135,2504490,1362055
"deerhunter_both","GFS h_max + pruning ",3,true,10,323197,2504819,1370266
"deerhunter_both","GFS h_max + pruning ",4,true,10,323197,2504819,1367759
"deerhunter_both","GFS h_max + pruning ",5,true,10,323135,2504490,1369137
"deerhunter_both","GFS h_max + pruning ",6,true,10,323135,2504490,1369812
"deerhunter_both","GFS h_max + pruning ",7,true,10,323135,2504490,1368087
"deerhunter_both","GFS h_max + pruning ",8,true,10,323197,2504819,1563255
"deerhunter_both","GFS h_max + pruning ",9,true,10,323197,2504819,1372761
"deerhunter_both","GFS h_max + pruning ",10,true,10,323135,2504490,1373224
"deerhunter_both","GFS rp + pruning ",1,true,10,479481,2839403,1372490
"deerhunter_both","GFS rp + pruning ",2,true,10,459164,2626374,1297444
"deerhunter_both","GFS rp + pruning ",3,true,10,459164,2626374,1287985
"deerhunter_both","GFS rp + pruning ",4,true,10,479481,2839403,1355152
"deerhunter_both","GFS rp + pruning ",5,true,10,479481,2839403,1124995
"deerhunter_both","GFS rp + pruning ",6,true,10,459164,2626374,1063882
"deerhunter_both","GFS rp + pruning ",7,true,10,479481,2839403,1116788
"deerhunter_both","GFS rp + pruning ",8,true,10,479481,2839403,1103060
"deerhunter_both","GFS rp + pruning ",9,true,10,479481,2839403,1092148
"deerhunter_both","GFS rp + pruning ",10,true,10,459164,2626374,1055216